Year,State,Life Expectancy,Air Quality Index,Binge Drinking,Completed High SchoolPercent,Bachelor's degree or more Percent,Median Income,Health care coverage pct,Physical Activity Percentage,Smoking
2000,Alabama,74.36476303,56.97578125,11.6,77.5,20.4,"35,424",83.9,70.3,23.5
2000,Alaska,76.39183851,30.65599343,17.9,90.4,28.1,"52,847",81.9,76.5,27.3
2000,Arizona,77.26941158,55.95226395,8.8,85.1,24.6,"39,783",82.9,48.7,20.1
2000,Arkansas,74.87234217,49.00754603,9.9,81.7,18.4,"29,697",82.8,64.1,27.2
2000,California,78.13866416,61.82846833,15.4,81.2,27.5,"46,816",81.6,74.5,18.7
2000,Colorado,78.15883283,38.30242251,16.6,89.7,34.6,"48,240",86.5,78.7,22.5
2000,Connecticut,78.26251373,48.38687036,14.6,88.2,31.6,"50,172",90.8,72.8,22.8
2000,Delaware,76.21100784,62.033954,16.1,86.1,24,"50,365",91.8,64.6,25.4
2000,District of Columbia,72.03139985,58,12.5,83.2,38.3,"41,222",88.5,61.5,20.6
2000,Florida,77.24787008,48.42237737,12.9,84,22.8,"38,856",82.9,68.9,20.6
2000,Georgia,74.98355696,54.41532955,11.1,82.6,23.1,"41,901",85.1,70.4,23.7
2000,Hawaii,79.53165869,31.60412926,15.7,87.4,26.3,"51,546",93,82,18.5
2000,Idaho,77.84575379,35.24718563,14.8,86.2,20,"37,611",82.9,79.6,21.5
2000,Illinois,76.54317505,45.88565685,18.1,85.5,27.1,"46,064",89.1,72.9,24.2
2000,Indiana,75.97794663,48.47219636,16.4,84.6,17.1,"40,865",89.6,72.9,27
2000,Iowa,78.31316184,41.90405117,18.1,89.7,25.5,"40,991",91.1,73.3,23.5
2000,Kansas,77.23601603,45.64185111,12.3,88.1,27.3,"41,059",89.3,61.7,21
2000,Kentucky,75.01190281,51.31555295,9.7,78.7,20.5,"36,265",85.9,57.4,29.7
2000,Louisiana,74.08388791,53.24800896,15.1,80.8,22.5,"30,718",78.1,67.8,23.5
2000,Maine,77.41006132,30.861167,14.3,89.3,24.1,"37,266",86.4,72.3,23.3
2000,Maryland,76.1189365,53.34905429,12.7,85.7,32.3,"54,535",90.1,79.7,20.3
2000,Massachusetts,78.1555783,46.42410855,17.5,85.1,32.7,"46,753",91.6,74.6,19.3
2000,Michigan,76.31111357,42.29860246,18.9,86.2,23,"45,512",91.5,78.6,25.1
2000,Minnesota,78.92961414,31.51767928,16,90.8,31.2,"54,251",92.9,74.5,19.5
2000,Mississippi,73.40479237,56.62762629,11.2,80.3,18.7,"34,299",80.7,66.2,22.9
2000,Missouri,75.9899718,49.80010699,16,86.6,26.2,"45,097",88.8,72.1,27.1
2000,Montana,77.11073762,33.64028035,16,89.6,23.8,"32,777",85.1,74.8,20.2
2000,Nebraska,78.02020828,36.15810733,16.5,90.4,24.6,"41,750",90.9,73.9,23.2
2000,Nevada,75.74090858,46.04791667,20.1,82.8,19.3,"45,758",86.4,75.9,31.5
2000,New Hampshire,78.38525247,36.60792805,18,88.1,30.1,"50,926",91,75.2,22.3
2000,New Jersey,77.30897575,46.6869338,12.7,87.3,30.1,"50,405",87.1,67.4,20.6
2000,New Mexico,77.17286339,39.53299736,14.8,82.2,23.6,"35,093",76.5,77,22.4
2000,New York,77.73342192,42.25627064,11.7,82.5,28.7,"40,744",86.9,69,21.8
2000,North Carolina,75.47523108,55.92492789,10.4,79.2,23.2,"38,317",87.3,72.3,25.1
2000,North Dakota,78.0880784,28.1015299,19.1,85.5,22.6,"35,996",88.2,66.9,22.1
2000,Ohio,76.25709384,49.5512535,10.1,87,24.6,"42,962",89.8,70.2,27.6
2000,Oklahoma,75.01046947,43.97914494,8.3,86.1,22.5,"32,432",83.1,57.1,25.2
2000,Oregon,77.71151665,35.50917011,14.5,88.1,27.2,"42,499",84.9,81.1,21.4
2000,Pennsylvania,76.63673486,52.01856941,15.3,85.7,24.3,"42,176",91,67.3,23.1
2000,Rhode Island,77.9293545,47.10526316,15.4,81.3,26.4,"42,197",88.9,70.1,22.3
2000,South Carolina,74.68414177,54.24083251,11.5,83,19,"37,570",85.5,66.3,23.6
2000,South Dakota,77.34152554,32.96153846,18.8,91.8,25.7,"36,475",89.5,66.7,22.5
2000,Tennessee,74.64558141,55.74583807,7.5,79.9,22,"34,096",88.1,64.2,24.8
2000,Texas,76.45809405,51.93248343,17.3,79.2,23.9,"38,609",77,72.1,22.4
2000,Utah,78.42183915,47.17214996,9.1,90.7,26.4,"47,550",88.9,82.9,14
2000,Vermont,77.9928804,34.92783505,16.8,90,28.8,"39,594",90,74,21.7
2000,Virginia,76.66229687,45.6723127,13.6,86.6,31.9,"47,163",88.6,75.2,21.4
2000,Washington,78.1146748,35.85488448,14.4,91.8,28.6,"42,525",90.2,82.4,22.4
2000,West Virginia,74.82670534,58.44355991,8.5,77.1,15.3,"29,411",80.9,56.3,27.1
2000,Wisconsin,77.85268857,42.8253402,25.2,86.7,23.8,"45,088",92.5,76.6,23.7
2000,Wyoming,76.86854899,36.05180591,16.4,90,20.6,"39,629",82.8,79,23.9
2001,Alabama,74.4555316,48.59338151,11.6,80.2,20.2,"35,160",85,68.4,25.2
2001,Alaska,76.64234745,31.99008264,17.9,91.1,25.7,"57,363",81.2,80,25
2001,Arizona,77.45523163,54.61114911,8.8,83.8,24.4,"42,704",83.1,65.8,18.6
2001,Arkansas,75.08004236,45.34009318,9.9,80.5,18.6,"33,339",83.9,71.9,25.1
2001,California,78.0964336,63.76751899,15.4,81,29.1,"47,262",85,73.5,17.2
2001,Colorado,78.11049698,36.77988712,16.6,88.6,35.2,"49,397",84.7,80.2,20
2001,Connecticut,78.52949994,55.56283422,14.6,87.5,32.4,"53,347",90.5,74.8,19.9
2001,Delaware,76.56697405,67.49945593,16.1,84.7,28.6,"49,602",91.4,72,22.9
2001,District of Columbia,72.1150667,62,12.5,82.5,41.6,"41,169",87.7,79.2,20.9
2001,Florida,77.27447846,43.770114,12.9,84.1,24.6,"36,421",83.2,71.2,23.2
2001,Georgia,75.10662294,47.27366864,11.1,82.5,24.2,"42,576",86.2,71,23.5
2001,Hawaii,79.87725674,34.84099265,15.7,89.1,27.9,"47,439",92.7,76.8,19.7
2001,Idaho,77.97968361,38.60462428,14.8,87.3,21.2,"38,241",85.2,80.2,22.3
2001,Illinois,76.76769906,47.05166724,18.1,86.2,26.7,"46,171",90.1,69.1,22.3
2001,Indiana,76.17734305,49.86666667,16.4,84.4,21.2,"40,379",86.3,74.6,26.9
2001,Iowa,78.56651597,40.20497297,18.1,87.8,23.9,"40,976",91.9,72.7,23.2
2001,Kansas,77.25491563,43.42406767,12.3,87.8,27.9,"41,415",89.9,69.6,21
2001,Kentucky,75.00240064,50.76449447,9.7,79,20.4,"38,437",84.9,58.9,30.5
2001,Louisiana,74.00958566,46.46817349,15.1,81,19.7,"33,322",77.9,63.8,24.1
2001,Maine,77.55745839,34.95178197,14.3,85.4,22.2,"36,612",87.1,72.8,23.8
2001,Maryland,76.24927978,59.39186872,12.7,88.1,35.7,"53,530",89.7,75.8,20.5
2001,Massachusetts,78.15857769,52.65443425,17.5,85.7,32.5,"52,253",92.1,75.4,19.9
2001,Michigan,76.54911797,47.44708078,18.9,86.3,24,"45,047",90.4,77.1,24.1
2001,Minnesota,79.09642859,31.5631068,16,92.6,31.4,"52,681",94.5,75.2,19.8
2001,Mississippi,73.6506407,48.83232281,11.2,81.7,23.3,"30,161",81.3,66.7,23.5
2001,Missouri,76.06512985,47.99361078,16,88.2,25.3,"41,339",89.4,71.2,27.2
2001,Montana,77.14555512,30.18406709,16,90.2,22.8,"32,126",83.1,76.7,18.8
2001,Nebraska,78.18360378,34.07712215,16.5,89.7,25.7,"43,611",86,70.4,21.2
2001,Nevada,75.74327303,45.29351814,20.1,84.9,20.8,"45,403",82.5,75.1,29
2001,New Hampshire,78.09639841,42.30057803,18,89.3,31.6,"51,331",88.5,73.3,25.3
2001,New Jersey,77.32606525,51.38600491,12.7,86.6,30.7,"51,771",88.7,71.4,21
2001,New Mexico,77.02852014,36.51839465,14.8,81.2,22,"33,124",77.5,75.6,23.6
2001,New York,77.64794626,46.28759731,11.7,83.2,28.9,"42,114",83.7,70.6,21.6
2001,North Carolina,75.86333063,55.12413124,10.4,80,23.1,"38,162",85.8,69.6,26.1
2001,North Dakota,78.77786358,28.97518286,19.1,87,24.4,"35,793",88.3,75.7,23.2
2001,Ohio,76.36852863,52.73968434,10.1,88.2,24.1,"41,785",88.9,68.7,26.2
2001,Oklahoma,75.22818242,45.92738666,8.3,85.8,21.1,"35,609",79.2,65.6,23.3
2001,Oregon,77.69895141,34.31925943,14.5,86.6,27.2,"41,273",86.1,79.9,20.7
2001,Pennsylvania,76.77360254,59.04450111,15.3,85.9,25.8,"43,499",90.8,77,24.3
2001,Rhode Island,77.72009512,55.80411125,15.4,78.7,27.4,"45,723",91.4,72.5,23.4
2001,South Carolina,74.97228927,51.28787032,11.5,81.9,23.4,"37,736",83.6,71.9,24.9
2001,South Dakota,77.69219793,32.59156977,18.8,87.7,23.6,"39,671",89.8,73.3,21.9
2001,Tennessee,74.89249069,50.65306721,7.5,78.1,21,"35,783",89.3,67.3,25.7
2001,Texas,76.47051686,49.01149106,17.3,78.4,23.8,"40,860",77.1,71.5,21.9
2001,Utah,78.57560094,48.15379238,9.1,90,27.9,"47,342",87.2,84.5,12.9
2001,Vermont,78.47072616,40.00673725,16.8,86.8,29,"40,794",88.5,76.8,21.5
2001,Virginia,76.89478154,48.09313414,13.6,84.6,30.6,"50,241",89.1,75,21.4
2001,Washington,78.1978517,35.53690616,14.4,89.9,26.9,"42,490",90.3,83.1,20.7
2001,West Virginia,74.98487522,58.31551758,8.5,79.5,15.8,"29,673",80.7,66.4,26.1
2001,Wisconsin,77.96049525,46.31944265,25.2,87,24.9,"45,346",90.2,77.9,24.1
2001,Wyoming,76.87982356,37.94103774,16.4,90.2,19.2,"39,719",83.3,77.4,23.8
2002,Alabama,74.43936091,47.51074987,11.6,78.9,22.7,"37,603",84.9,68.8,23.8
2002,Alaska,77.12137741,28.34171598,18.5,92.2,25.6,"52,774",80.9,78.9,26.2
2002,Arizona,77.39445828,58.22389593,15.2,84.6,26.3,"39,734",83.9,78.1,21.5
2002,Arkansas,74.89697459,43.60488959,10.8,81,18.3,"32,387",81.1,68.5,25.5
2002,California,78.27897727,65.66473738,15.5,80.2,27.9,"47,437",84.6,73.4,17.2
2002,Colorado,78.068992,39.23749676,17,87.6,35.7,"48,294",83.4,80.8,22.3
2002,Connecticut,78.63732859,58.2736014,13.9,88,32.6,"53,387",89.1,76,20.6
2002,Delaware,76.57040426,68.51416122,17.2,88.5,29.5,"49,650",91.2,74.3,25
2002,District of Columbia,72.17155464,58,14.2,83.5,44.4,"39,070",89.3,75.8,20.8
2002,Florida,77.3911363,41.20860333,12.4,83.3,25.7,"38,024",82,72.3,22.4
2002,Georgia,75.26758136,47.8857072,12.1,82.9,25,"42,939",84.3,72.7,23.7
2002,Hawaii,79.58600003,36.86133333,11.9,87.9,26.8,"47,303",91.3,81.1,20.5
2002,Idaho,78.12627955,36.68540564,13.8,86.8,20.9,"37,715",83,79,19.6
2002,Illinois,76.82026689,48.19123641,18,85.9,27.3,"42,710",85.9,73.5,23.7
2002,Indiana,76.32296152,52.55410207,16.2,85.3,23.7,"41,047",85.2,73.8,27.4
2002,Iowa,78.63321449,40.08801611,17.3,88.3,23.1,"41,049",91.2,74.1,22.1
2002,Kansas,77.25306563,41.69771924,13.5,87.5,29.1,"42,619",88.9,73.3,22.2
2002,Kentucky,74.83701402,51.6134851,9.3,80.8,21.6,"36,762",81.8,66.6,30.9
2002,Louisiana,74.01090332,42.47608006,14.1,78.8,22.1,"34,008",75.9,64.4,24.6
2002,Maine,77.36666052,35.08358209,15.2,87.4,23.8,"36,853",85.9,76.8,23.9
2002,Maryland,76.42258831,62.90707497,14,87.5,37.6,"56,407",90.2,75.8,21.1
2002,Massachusetts,78.25057381,51.78644764,17.8,86.5,34.3,"49,855",90.8,77.2,19.5
2002,Michigan,76.51210035,48.06283266,18.4,86.5,22.5,"42,715",88,76.6,25.6
2002,Minnesota,79.11166679,33.45282051,17.8,92.2,30.5,"54,622",93.2,82.9,22.2
2002,Mississippi,73.53814631,45.28143451,11.9,79.1,20.9,"30,882",77.3,66.6,25.3
2002,Missouri,75.93532413,52.33350794,15.3,88.1,26.7,"42,776",86.8,72.5,25.9
2002,Montana,77.28089018,24.8488024,17,89.7,23.6,"34,835",82.2,78.1,21.9
2002,Nebraska,77.94659733,32.81826877,15.5,89.8,27.1,"42,796",88.1,68.6,20.2
2002,Nevada,75.70891194,44.15409702,18.9,85.8,22.1,"44,958",77.6,77.4,26.9
2002,New Hampshire,78.56396562,43.39271255,16.8,90.2,30.1,"55,321",88.2,80.5,24.1
2002,New Jersey,77.7039794,53.45457698,13.2,85.9,31.4,"54,568",86.7,73.4,21.1
2002,New Mexico,77.02317686,37.44911504,15.4,81.6,25.4,"35,457",78.7,74.2,23.8
2002,New York,77.99071017,47.25223214,14.2,83.7,28.8,"41,966",85,71.3,23.2
2002,North Carolina,76.02844594,58.03349687,10.5,80.1,22.4,"36,515",83.3,73.6,25.7
2002,North Dakota,78.65543467,29.72959319,21.2,89,25.3,"36,200",90.7,76.8,22.1
2002,Ohio,76.30068186,54.69481072,15.2,87.3,24.5,"42,684",88.6,73.8,27.6
2002,Oklahoma,75.00563979,43.89325658,9.9,85.1,20.4,"36,458",80.1,67.2,28.7
2002,Oregon,77.56488714,37.25066726,14.8,87.7,27.1,"41,802",82.6,79.2,20.5
2002,Pennsylvania,76.81925051,58.72544844,15.8,86.1,26.1,"42,498",89.6,75.3,24.5
2002,Rhode Island,77.75895927,53.93333333,15.4,80.1,30.1,"42,417",88.4,75.1,23.9
2002,South Carolina,75.04071249,51.15115343,12.3,80.2,23.3,"37,812",84.3,73.6,26
2002,South Dakota,77.97305069,27.24329268,18,89.2,23.6,"37,873",88.1,74.6,22.3
2002,Tennessee,74.71351736,49.14342916,7.3,80.1,21.5,"37,030",87.1,64.9,24.4
2002,Texas,76.47489321,48.97010086,16.2,78.1,26.2,"40,149",72.2,72.9,22.4
2002,Utah,78.39576085,51.3332193,9.9,91,26.8,"47,861",86.4,83.5,13.2
2002,Vermont,78.39287164,39.96416084,16.4,87.4,30.8,"42,999",88.4,79.7,22.4
2002,Virginia,76.95849546,49.90901388,13.4,86.7,34.6,"49,631",87.5,76.8,22.5
2002,Washington,78.24945631,37.40270698,14.7,90.4,28.3,"45,183",87.9,82.9,22.5
2002,West Virginia,74.806665,57.00336767,9,78.5,15.9,"29,359",82,68.3,28.2
2002,Wisconsin,78.00971629,46.6819001,26.2,86.8,24.7,"45,903",88.7,79.3,23.6
2002,Wyoming,76.56707543,38.62328549,16.6,91.6,19.6,"39,763",82.8,78.8,22.2
2003,Alabama,74.42582933,47.14804377,13.2,79.9,22.7,"37,255",85.4,72.7,24.4
2003,Alaska,76.5487357,25.82076176,18.2,90.6,24,"51,837",82.5,77.6,29.3
2003,Arizona,77.64356811,56.0080825,16.8,83.8,26,"41,166",83.3,77.4,23.4
2003,Arkansas,75.22934472,42.67747164,12.1,80.9,17.4,"32,002",80.8,72.6,26.3
2003,California,78.282144,64.048916,15.2,81.1,29.8,"49,300",83.9,77.3,16.4
2003,Colorado,78.28741958,38.41672001,17.9,88.7,36,"49,940",85,80.7,20.4
2003,Connecticut,78.95223304,51.78173913,14.9,87.5,33.5,"54,965",89.6,78,19.4
2003,Delaware,76.84553441,61.95929593,17.1,88.7,28.1,"49,019",91.3,72.9,24.7
2003,District of Columbia,72.98934908,57,16.1,86,46.4,"45,044",90.1,79.1,20.4
2003,Florida,77.50343026,41.64095745,13,84.7,25.8,"38,972",81.1,72.1,22
2003,Georgia,75.37997805,44.21238728,12.4,85.1,25,"42,438",83.5,74.3,23.2
2003,Hawaii,79.75000681,41.15803336,11.3,88.5,27,"51,834",91.8,83.9,21
2003,Idaho,78.19110852,32.98955447,14.4,88.2,22.5,"42,372",83.5,80.7,20.6
2003,Illinois,77.12224629,43.36589478,17.6,85.9,28.1,"45,153",84.9,71.4,22.8
2003,Indiana,76.33353753,47.91008613,15.1,86.4,22.2,"42,425",86.3,72.5,27.6
2003,Iowa,78.68310233,42.10609756,18.3,89.7,24.6,"41,384",88.1,78.2,23.2
2003,Kansas,77.55768747,44.01977622,15.3,88.6,31,"44,232",86.9,77.5,22.1
2003,Kentucky,75.04599135,47.50879607,8.4,82.8,21.3,"36,936",82.9,73.4,32.6
2003,Louisiana,73.93643706,46.72948105,13.7,79.8,22.3,"33,507",76.9,66.5,23.9
2003,Maine,77.67433294,35.68462292,15.4,86.6,23.7,"37,113",88.2,74.2,23.6
2003,Maryland,76.49821543,52.22791328,13.2,87.6,37.2,"52,314",88,77,21.9
2003,Massachusetts,78.45491565,47.45345345,18.2,87.1,37.6,"50,955",90.5,79.2,18.9
2003,Michigan,76.86407104,45.71530062,17.4,87.6,23.3,"45,022",89,75.9,24.2
2003,Minnesota,79.54321767,41.15937102,20.4,91.6,32.7,"52,823",93.1,83.8,21.7
2003,Mississippi,73.7835839,48.39193149,12.1,81.2,19.3,"32,728",80.9,67.5,27.3
2003,Missouri,76.1562423,50.04939119,15.8,88.3,26.6,"43,762",87.2,73.5,26.5
2003,Montana,77.28407982,25.46787032,18.6,90.1,24.9,"34,108",80.9,80.8,21.2
2003,Nebraska,78.28083564,33.72900158,16.3,90.8,26.8,"43,974",88.4,78,22.7
2003,Nevada,75.62563487,44.52055956,18.5,85.6,21.2,"45,184",79.5,75.2,26
2003,New Hampshire,78.88822873,43.67132603,16.2,92.1,34,"55,567",88.1,80.1,23.2
2003,New Jersey,77.9606918,47.05089505,13.7,86.2,33.4,"56,045",86.3,74,19
2003,New Mexico,76.93305676,37.86887349,15,81.7,23.7,"35,105",77.9,77,21.2
2003,New York,78.31482387,42.97700216,16.4,84.2,29.6,"42,788",84.3,74.9,22.3
2003,North Carolina,76.10681152,50.04667378,10.4,81.4,23.8,"37,279",82.6,70.5,26.3
2003,North Dakota,78.83517771,30.67183099,22.1,89.7,25.2,"40,410",88.5,78.3,21.5
2003,Ohio,76.50011459,49.12556433,16,87.2,25,"43,520",88.9,74.6,26.6
2003,Oklahoma,75.04064452,45.61871571,12.5,85.7,24.3,"35,902",80.3,69.4,26.6
2003,Oregon,77.80700194,32.08699634,15.6,86.9,26.4,"41,638",81,82.1,22.4
2003,Pennsylvania,77.01248677,52.41742555,16.6,86,24.8,"42,933",89.1,75.6,24.5
2003,Rhode Island,77.94375422,50.28645161,16.4,81,27.6,"44,711",89,75.4,22.4
2003,South Carolina,75.22745019,43.68108808,12.4,80.8,22.3,"38,479",81.7,75.4,26.6
2003,South Dakota,78.19986891,34.83246073,18.5,88.7,23.9,"39,522",88.3,76.2,22.6
2003,Tennessee,74.79307735,49.7339085,7.6,81,23.5,"37,523",87.4,66.4,27.7
2003,Texas,76.76411828,50.29535865,16.5,77.2,24.7,"39,271",73.3,70.7,22.9
2003,Utah,78.59337321,47.94028305,9.9,89.4,28.4,"49,275",83.5,81.1,12.8
2003,Vermont,78.68511351,37.66899302,16.1,88.9,31.3,"43,261",89.7,81.7,21.1
2003,Virginia,76.9746033,44.52501668,15.1,87.8,34.2,"54,783",87.9,75.6,24.6
2003,Washington,78.40745528,37.23639706,15,89.1,28.8,"47,508",85.6,85,21.5
2003,West Virginia,74.79271066,53.48582755,10.5,78.7,15.3,"32,763",80.9,71.6,28.4
2003,Wisconsin,78.40214887,46.2521327,25.3,88.6,24.1,"46,269",90,80,23.3
2003,Wyoming,77.04900117,36.08042489,17.1,90.9,20.7,"42,555",82.9,79.6,23.7
2004,Alabama,74.57062641,46.7974516,13.3,82.4,22.3,"36,629",82.9,70.1,25.3
2004,Alaska,77.54118335,27.43615495,18.3,90.2,25.5,"55,063",83.5,80.8,26.2
2004,Arizona,77.96927603,53.02058414,16.7,84.4,28,"43,846",82.1,78.8,20.8
2004,Arkansas,75.38134014,40.52150697,12.6,79.2,18.8,"34,984",81.4,70.9,24.8
2004,California,78.79899586,60.12140541,15.4,81.3,31.7,"49,222",82.7,77.7,16.8
2004,Colorado,79.00509219,35.46342402,18.4,88.3,35.5,"50,886",84.3,83.2,18.6
2004,Connecticut,79.2116533,47.20263158,16.4,88.8,34.5,"55,100",90.5,79,18.6
2004,Delaware,76.91811443,58.25560538,18.5,86.5,26.9,"48,049",91,73.5,21.9
2004,District of Columbia,73.25874394,56,17.8,86.4,45.7,"43,451",89,77.5,22
2004,Florida,77.68619904,44.10058933,14.5,85.9,26,"40,535",80.4,72.1,23.9
2004,Georgia,75.76719358,47.57325861,12.9,85.2,27.6,"40,984",83,75.5,22.8
2004,Hawaii,79.83471994,35.12725632,12.5,88,26.6,"56,242",NA,81.7,17.2
2004,Idaho,78.48018658,33.77131583,15.7,87.9,23.8,"44,358",84.2,81.4,19
2004,Illinois,77.53221449,39.60040296,17.6,86.8,27.4,"46,077",85.7,74.3,23.4
2004,Indiana,76.78592214,44.09396135,15.5,87.2,21.1,"42,329",85.1,73.8,26.1
2004,Iowa,79.12123838,38.37879088,19.7,89.8,24.3,"43,391",89.4,77.3,21.7
2004,Kansas,77.88313614,35.97617902,15,89.6,30,"41,066",87,74.1,20.4
2004,Kentucky,75.50147768,43.71898385,8.7,81.8,21,"35,610",85,69.4,30.8
2004,Louisiana,73.97689907,44.87209871,15.1,78.7,22.4,"36,429",77.2,69.5,26.5
2004,Maine,77.88136495,34.66677245,16.1,87.1,24.2,"41,329",87.2,79.4,23.7
2004,Maryland,77.05529862,52.22835666,14.7,87.4,35.2,"57,103",88.2,78.7,20.1
2004,Massachusetts,78.96422478,45.33287821,18.3,86.9,36.7,"52,019",90.7,78.4,19.1
2004,Michigan,77.21874072,42.30894751,17.8,87.9,24.4,"42,256",87.8,78.2,26.1
2004,Minnesota,79.91371506,38.45623501,20.5,92.3,32.5,"56,104",92.1,85,21.1
2004,Mississippi,74.02928863,46.79721754,11.9,83,20.1,"34,755",79.8,69.7,25.6
2004,Missouri,76.54027379,44.54483378,17.2,87.9,28.1,"42,137",86.8,76,27.2
2004,Montana,77.89454425,26.63582806,19.5,91.9,25.5,"33,956",80.8,79.8,20
2004,Nebraska,78.83574025,32.49975037,17.8,91.3,24.8,"43,786",87.3,79.3,21.2
2004,Nevada,75.91536185,38.98862775,18.9,86.3,24.5,"47,204",78.4,75.3,25.2
2004,New Hampshire,78.615817,42.55046257,17.2,90.8,35.4,"56,815",87.9,80.1,21.2
2004,New Jersey,78.40326325,43.95925149,15.3,87.6,34.6,"55,275",85.6,73.1,19.4
2004,New Mexico,77.5448736,34.94100906,14.9,82.9,25.1,"39,562",78,77.1,22
2004,New York,78.66470069,39.12013852,17.4,85.4,30.6,"44,649",85.1,72.9,21.6
2004,North Carolina,76.45122095,46.74371652,9.7,80.9,23.4,"40,238",81.2,75,24.8
2004,North Dakota,78.94838821,30.94399554,21.7,89.5,25.2,"39,220",86.5,76.3,20.5
2004,Ohio,76.82155903,45.15508324,16.3,88.1,24.6,"43,055",87,73.6,25.2
2004,Oklahoma,75.39929745,41.59576869,13.3,85.2,22.9,"39,614",78.5,69.6,25.1
2004,Oregon,78.26006706,34.43461729,15.9,87.4,25.9,"40,994",82.3,81.2,20.9
2004,Pennsylvania,77.27982663,49.9996744,17.2,86.5,25.3,"44,106",88,77.4,25.4
2004,Rhode Island,78.44147261,46.96272494,18,81.1,27.2,"47,935",88.1,76.7,22.4
2004,South Carolina,75.67995935,45.53797056,13.6,83.6,24.9,"38,691",83,76.7,25.5
2004,South Dakota,78.26913712,34.82750583,18.8,87.5,25.5,"41,107",89,78.3,22.7
2004,Tennessee,75.19630661,46.66549953,7.6,82.9,24.3,"38,072",88.2,70.2,25.6
2004,Texas,77.19113657,46.51523998,17.1,78.3,24.5,"41,397",73.2,72.4,22.1
2004,Utah,78.77397275,50.28457362,10.1,91,30.8,"50,871",84.4,82.7,11.9
2004,Vermont,78.94995707,35.031477,16.9,90.8,34.2,"47,329",87.6,81.3,19.5
2004,Virginia,77.54987188,42.51730277,15.3,88.4,33.1,"51,141",85.8,77.9,22
2004,Washington,78.93338256,35.23623524,15.2,89.7,29.9,"49,922",84.9,82.3,19.5
2004,West Virginia,75.03152579,50.6988625,11.3,80.9,15.3,"33,373",81.5,72,27.3
2004,Wisconsin,78.73408391,40.20143407,24.6,88.8,25.6,"45,732",90,81.2,22
2004,Wyoming,77.46041443,32.34330445,18.2,91.9,22.5,"45,397",82.5,78.9,24.6
2005,Alabama,74.52067065,48.14710204,12.4,80.9,19.8,"37,150",83.1,70.4,24.9
2005,Alaska,77.39959886,26.20983125,17.5,91.7,28.6,"55,891",82.9,79.4,24.8
2005,Arizona,77.65216931,54.07037226,16,85.8,28,"45,245",79.1,75.8,18.5
2005,Arkansas,75.40305753,48.64180064,11.9,81.4,17.5,"36,658",80.8,73.5,25.6
2005,California,78.87304253,56.35673345,15.3,80.4,30.6,"51,755",82.8,77.3,14.8
2005,Colorado,78.94321559,37.97619048,17.7,89.3,35.5,"50,449",83.9,81.3,20
2005,Connecticut,79.38432381,51.42778014,15.7,90,36.8,"56,835",91,81.1,18.1
2005,Delaware,76.89124652,63.91713326,18,86.9,25.6,"51,235",92.3,78.2,24.4
2005,District of Columbia,73.64867318,57,17.6,84.1,46.9,"44,993",90.3,77.7,20.9
2005,Florida,77.79587019,44.50402653,13.9,86.8,25.4,"42,990",79.7,76.4,20.2
2005,Georgia,75.98870412,50.30088976,12.7,85.7,27.1,"45,926",83.4,74.2,20
2005,Hawaii,80.0917668,32.15830116,13.3,87.2,30.4,"59,586",92.2,81.7,17.2
2005,Idaho,78.41373396,31.77394921,14.2,89.1,25.9,"44,176",81.1,80.9,17.4
2005,Illinois,77.60908694,46.31355648,17.4,87.2,29.6,"48,398",85.5,75.1,22.2
2005,Indiana,76.66355411,49.55354511,14.8,87.2,22.6,"42,437",84.5,74.7,24.9
2005,Iowa,78.98752906,43.02407261,19.2,89.8,24.5,"46,500",89.3,78.7,20.8
2005,Kansas,77.69642255,41.5634959,13.3,91.4,30.4,"42,027",86.8,76.8,19.8
2005,Kentucky,75.35454749,51.24034641,9.4,78.9,18.9,"36,699",82.4,70.2,27.5
2005,Louisiana,72.73702106,51.48142021,15.1,80.2,19.6,"37,236",77.4,70.2,23.5
2005,Maine,77.68663282,38.37804031,15.8,87.2,24.3,"43,923",87.2,78.5,21
2005,Maryland,77.24629916,54.56810078,14,86.9,36.3,"60,512",89.1,78.2,19.5
2005,Massachusetts,79.28495808,48.75747689,17.7,87.5,36.6,"56,017",89.7,80,18.5
2005,Michigan,77.15810669,50.26710454,17.5,88.6,24.6,"45,933",87.4,77.9,23.3
2005,Minnesota,80.01039179,41.44967765,19.8,92.7,34.2,"54,215",93,84.1,20.7
2005,Mississippi,73.45142627,53.23149294,10.9,79.8,21.8,"32,875",81.5,68.7,24.5
2005,Missouri,76.55513733,52.05830806,16.7,85.5,25,"42,986",87.1,75.2,24.1
2005,Montana,77.80335849,27.9011578,18.1,92.1,25.4,"37,313",78.5,81.1,20.4
2005,Nebraska,78.82913469,35.37676228,17.8,89.8,25.4,"47,923",86.2,78.4,20.3
2005,Nevada,75.76914443,39.282099,17.9,86.6,23.4,"48,209",78.3,75.8,23.2
2005,New Hampshire,78.95554362,44.55669662,17,91.9,32.8,"56,984",89.5,81.5,21.7
2005,New Jersey,78.55726706,47.4754441,15.3,86.9,36.3,"63,368",85.5,74.3,18.8
2005,New Mexico,77.42412129,38.86399801,14.2,81.2,27.4,"38,947",78.1,78.8,20.3
2005,New York,78.92115344,43.09035714,16.1,85.7,30.4,"47,176",86.3,73.5,19.9
2005,North Carolina,76.50773221,52.07071422,9.2,84,25.3,"42,056",80.9,75.3,23.1
2005,North Dakota,79.64436879,31.59295898,21,90,27.2,"42,192",88.5,78.7,19.9
2005,Ohio,76.70608245,50.75294893,16.8,87.9,23,"44,203",87.2,77,25.9
2005,Oklahoma,75.05354732,46.22738675,13.2,85.2,24,"37,645",79.3,72.2,26.1
2005,Oregon,78.28281469,33.90259197,14.3,88.6,29,"44,159",82.3,82.8,20
2005,Pennsylvania,77.22703513,54.88201576,17.8,86.3,26,"46,300",89.2,75.6,22.7
2005,Rhode Island,78.3864224,50.08735332,18.2,83.9,29.2,"49,484",88.4,75.8,21.3
2005,South Carolina,75.6245489,48.09748128,13.9,83,24.2,"40,230",81.1,76.2,24.3
2005,South Dakota,78.28987523,39.56952965,18,88.4,25,"43,151",88.5,81,20.3
2005,Tennessee,75.18227855,49.97379227,7.7,81.8,21.5,"39,406",86,70.3,26.2
2005,Texas,77.31311432,51.13728584,16,78.2,25.5,"41,422",71.5,73.9,20.5
2005,Utah,79.00906889,50.47523839,9.7,92.5,29.8,"54,813",84.9,83.1,10.5
2005,Vermont,79.08953539,37.03923139,16.6,90,34.4,"50,704",87.8,81.9,20
2005,Virginia,77.5676628,45.20119544,14.5,86,30.6,"51,914",88.9,78.1,20.8
2005,Washington,78.93439908,33.50606348,14.7,91.5,30.9,"50,646",85.3,82.7,19.2
2005,West Virginia,75.21900724,54.22396897,10.5,82.5,15.1,"36,445",81.9,75.5,26.9
2005,Wisconsin,78.63356999,47.84782894,23,90.4,25,"44,650",89.5,81.5,21.9
2005,Wyoming,77.74288691,32.60926194,17.3,90.9,21.9,"44,718",82,79.9,21.7
2006,Alabama,74.54254187,50.58759664,11.8,82.1,20.8,"37,952",84,70.3,24.8
2006,Alaska,77.44870971,29.41360544,17,92,27.7,"56,418",82.5,78.6,24.9
2006,Arizona,77.80545515,64.92640906,15,83.1,24.5,"46,657",80.4,77.4,20.2
2006,Arkansas,75.55597956,44.76356472,10.8,82.5,19,"37,057",79.4,69.4,23.5
2006,California,79.17529529,60.00444854,14.3,80.8,29.8,"55,319",82.5,76.1,15.2
2006,Colorado,79.32574533,39.70151307,16.8,90,36.4,"55,697",83,82.7,19.8
2006,Connecticut,79.67774128,47.92948984,14.9,88.4,36,"62,404",89.9,78.8,16.5
2006,Delaware,77.52973976,60.30100334,16.5,86,26.2,"52,438",90.4,76.7,20.6
2006,District of Columbia,74.02891354,54,16.8,83.3,49.1,"48,477",91.3,77.5,20
2006,Florida,78.04439875,46.07945827,13.4,86.7,27.2,"45,676",79.6,73.1,21.7
2006,Georgia,76.13759373,52.66748166,12.1,84.2,28.1,"49,344",84.2,72.8,22.1
2006,Hawaii,80.23627055,30.37987243,15.3,88.7,32.3,"60,470",91.7,80.5,17
2006,Idaho,78.74379858,31.77533194,13,88.9,25.1,"46,213",81.2,78.4,17.9
2006,Illinois,77.97098958,40.7329932,17.1,87.6,31.2,"48,671",84.9,74.4,19.9
2006,Indiana,76.78262736,43.52183697,14.4,88.2,21.9,"45,407",84.4,73.1,27.3
2006,Iowa,79.26484253,38.90825879,18.8,90.4,24.7,"48,126",89.5,75.3,20.4
2006,Kansas,77.83371717,43.12114428,12.7,90.2,31.6,"45,552",87,75.6,17.8
2006,Kentucky,75.50681952,46.19550173,10,79.9,20.2,"39,485",83,68.5,28.7
2006,Louisiana,74.93712717,51.17697695,14.1,79.7,21.2,"36,488",77.1,66.6,22.6
2006,Maine,78.27244974,36.91987293,14.4,89.3,26.9,"45,642",89.6,77.7,20.8
2006,Maryland,77.53699544,54.62416107,12.3,87.2,35.7,"63,668",89.9,77.1,18.9
2006,Massachusetts,79.57574457,45.85159285,16.4,89.9,40.4,"55,330",91.5,76.7,18.1
2006,Michigan,77.45941085,43.30033651,16.5,89.7,26.1,"48,647",87.1,77.5,22
2006,Minnesota,80.28127167,37.21682795,19.4,93,33.5,"56,211",91.8,83.8,20
2006,Mississippi,73.94606226,52.43868739,10.1,81.1,21.1,"34,733",79.1,67.6,23.6
2006,Missouri,76.66357582,50.9168117,15.5,87.1,24.3,"44,579",86.8,74.6,23.4
2006,Montana,77.85601711,30.02019558,17,91.4,25.1,"41,105",83.4,77.6,19.2
2006,Nebraska,79.04082721,33.49096099,17.5,91,27.2,"48,145",85.8,76.2,21.3
2006,Nevada,76.26196858,44.4964657,17.8,85.6,20.8,"52,282",77.8,73.2,23.1
2006,New Hampshire,79.18412672,41.00299658,15.4,91.6,32.1,"61,970",88.6,78.4,20.4
2006,New Jersey,78.87573105,47.34616743,13.9,86.7,35.6,"68,059",85.8,70.8,18
2006,New Mexico,77.45424917,41.43719183,12,81.8,26.7,"40,028",78.3,76.7,21.5
2006,New York,79.35318797,38.91511369,15,85.1,32.2,"48,222",86.5,72.9,20.5
2006,North Carolina,76.73984712,51.41961214,10.1,84.2,25.6,"39,797",82.2,74.4,22.6
2006,North Dakota,79.54152504,31.88950124,19.6,88.7,28.7,"41,047",88.4,76.9,20.1
2006,Ohio,77.07517257,43.97716997,16.1,88.1,23.3,"45,900",87.6,74.4,22.3
2006,Oklahoma,75.35756169,47.65670162,12.7,87.5,22.9,"38,838",79.2,69.4,25.1
2006,Oregon,78.45025264,33.07202031,13.7,89.7,28.3,"47,091",83.7,81.4,18.5
2006,Pennsylvania,77.60202181,48.02264863,16.5,87.5,26.6,"48,477",89.5,74.2,23.6
2006,Rhode Island,78.76868366,46.19721871,16.8,84,30.9,"53,736",88.7,74.1,19.8
2006,South Carolina,75.89581394,47.8996338,13.1,83.1,22.6,"39,617",83.4,73.7,22.5
2006,South Dakota,78.72623458,38.6215342,17.5,89.9,25.3,"45,427",86.5,77.5,19.8
2006,Tennessee,75.46197776,49.82412791,8.5,80.7,22,"40,693",86.7,66.9,26.7
2006,Texas,77.57180551,49.46474242,15,78.7,25.5,"43,307",74.8,72.6,20
2006,Utah,79.20311673,51.27700243,8.9,91.2,27,"54,628",85,81.5,11.5
2006,Vermont,79.56738312,32.5869906,16,91,34,"51,981",88.5,80.8,19.3
2006,Virginia,77.92875279,44.09395443,13,86.5,32.1,"57,119",89.7,78.7,20.6
2006,Washington,79.26271238,34.6858351,14,91.1,31.4,"54,723",85.5,82.6,17.6
2006,West Virginia,75.16313175,51.32643144,9.4,81.5,15.9,"38,419",84.6,71.5,26.7
2006,Wisconsin,78.96984064,41.87731006,22,91.1,24.6,"51,692",90.3,81.3,20.7
2006,Wyoming,77.31636404,36.47843473,15.3,91.1,20.8,"47,041",82.1,78,21.3
2007,Alabama,74.81377645,53.22599932,10.7,80,21,"42,212",85.3,70.8,23.2
2007,Alaska,77.72761117,27.9661476,17.1,90.5,26.2,"62,993",84.8,78.6,24
2007,Arizona,78.4140877,61.64502695,14.9,83.4,25.3,"47,215",81.9,77.7,18.2
2007,Arkansas,75.64112097,43.8780692,11.4,80.7,18.7,"40,795",79.7,71.3,23.7
2007,California,79.61054618,58.13687636,14.7,80,29.1,"55,734",84.2,77,14.9
2007,Colorado,79.52030978,44.12777437,16.3,88.3,34.7,"61,141",82.5,82.6,17.9
2007,Connecticut,80.07272247,49.9924182,14.6,87.8,34.2,"64,141",90.6,80.2,17
2007,Delaware,77.54707601,58.18018018,17.3,85.5,26.8,"54,589",92.3,78.4,21.7
2007,District of Columbia,74.56280368,54,16.3,84,45.3,"50,783",91.6,77.9,17.9
2007,Florida,78.46814065,44.42045455,13.9,84.5,25.2,"45,794",81.4,74.9,21
2007,Georgia,76.37301975,54.27474102,12.1,82.2,26.4,"48,641",82.9,75.3,19.9
2007,Hawaii,80.42646808,43.10985915,17,88.8,28.5,"64,022",94,80.7,17.5
2007,Idaho,78.89187761,31.41045033,14,87.3,23.8,"49,184",81.1,79.2,16.8
2007,Illinois,78.29239159,46.96630459,18,85.3,29,"52,506",84.9,77.6,20.5
2007,Indiana,77.31946227,50.18896685,15.1,85.3,21.7,"47,453",85.8,74.7,24.1
2007,Iowa,79.35007222,45.06467259,19.6,89.1,23.9,"48,908",89.5,77.7,21.4
2007,Kansas,78.0992146,39.72442536,13.9,88.6,28.5,"48,497",88,77.4,20
2007,Kentucky,75.76422464,54.54221214,9.5,79.6,19.7,"39,452",84.1,69.6,28.5
2007,Louisiana,75.15735213,47.70811819,13.6,79.2,20,"41,313",79.5,69,23.4
2007,Maine,78.33016606,38.05690493,15.1,88.9,25.9,"47,894",88.1,79.1,20.9
2007,Maryland,77.76657574,57.4566855,12.9,86.9,34.8,"65,630",87.3,77,17.7
2007,Massachusetts,79.7863893,48.37444589,16.7,88,37,"58,463",93.8,78.9,17.8
2007,Michigan,77.58120521,48.29859353,17.1,87.1,24.7,"49,370",87.8,77.2,22.4
2007,Minnesota,80.51384202,38.6428227,18.2,90.7,30.4,"58,058",91.5,85.8,18.3
2007,Mississippi,74.29150027,50.11418592,9.6,78,18.6,"37,279",80.7,68.9,25.1
2007,Missouri,77.0339482,51.36384122,15.6,85,24.1,"46,005",86.6,76.8,23.2
2007,Montana,78.18114583,31.72570937,16.3,89.9,26.4,"43,655",83.1,80.6,18.9
2007,Nebraska,78.94256512,35.49293717,17.6,89.6,26.6,"49,174",87.9,79,18.7
2007,Nevada,76.86148675,40.04730203,16.6,83.4,20.9,"54,058",79.2,72.9,22.2
2007,New Hampshire,79.27953909,43.21703767,14.9,89.7,31.4,"67,576",88.3,80.4,18.7
2007,New Jersey,79.32915364,48.22451099,13.7,86.3,33.6,"60,508",86.5,73,18
2007,New Mexico,77.5543678,38.84801311,11.8,81.9,24.8,"44,356",77.7,77.4,20.1
2007,New York,79.62546429,44.50103359,15.2,83.8,31.2,"48,944",86.2,74,18.2
2007,North Carolina,76.89484004,54.51088659,10.9,82.2,25.1,"43,513",81.3,76.2,22.1
2007,North Dakota,79.47808264,29.92943438,20,88,26.3,"47,205",88.2,78,19.5
2007,Ohio,77.25108316,47.57368538,15.7,86.3,23.4,"49,099",88.2,75.5,22.4
2007,Oklahoma,75.30039667,40.92028254,13,84.1,22.2,"43,216",79.9,70.2,25.1
2007,Oregon,78.70490623,33.76986154,14,87.6,27.5,"50,236",83.7,83.6,18.5
2007,Pennsylvania,77.90121993,50.29100111,16.3,86.3,25.6,"48,437",89.2,77.1,21.5
2007,Rhode Island,79.04717028,48.7130102,16.4,82.5,29.1,"54,210",89.5,75.3,19.2
2007,South Carolina,76.04329648,48.76241535,13.1,81.5,23,"44,213",83.6,75.7,22.3
2007,South Dakota,78.82860625,35.95702962,18.1,87.6,24.4,"46,418",86.4,76,20.3
2007,Tennessee,75.76837828,56.38788969,8.6,80.9,21.8,"41,195",85.3,71.2,22.6
2007,Texas,77.63685149,45.01562164,14.5,78.6,24.8,"46,053",74.3,71.6,17.9
2007,Utah,79.22325767,54.36743642,8.7,90.3,28.3,"53,529",84.7,80.6,9.8
2007,Vermont,79.52374617,34.66898955,16.3,90.5,32.9,"47,390",88.8,82.1,18
2007,Virginia,78.09548406,46.90228553,12.8,85.3,32.9,"59,161",88.2,78.3,19.3
2007,Washington,79.26577727,32.427548,14,89,30,"58,080",86,82.7,17.1
2007,West Virginia,75.05621035,55.1400596,10.1,81,17,"42,091",83.1,74.4,25.7
2007,Wisconsin,79.02567471,45.95030196,23.2,88.5,25.5,"51,277",90.2,80.7,20.8
2007,Wyoming,77.58031989,38.03235152,15.5,90.5,22.7,"48,744",84.1,78.1,21.6
2008,Alabama,74.90605598,46.88391801,11.1,80.9,21.5,"44,476",84,70.2,22.5
2008,Alaska,77.80958606,26.8221957,18.3,90.7,26.4,"63,989",82.9,80,22.2
2008,Arizona,78.89588155,59.47527473,15.1,83.6,25.4,"46,914",82.2,77.6,19.8
2008,Arkansas,75.36421705,40.0473522,11.4,81.3,19,"39,586",81.7,71.9,22.4
2008,California,79.96859569,60.5623952,16.2,80.3,29.4,"57,014",82.5,76.9,14.3
2008,Colorado,79.39554323,42.18449095,17,88.6,35.1,"60,943",83.7,82.7,18.7
2008,Connecticut,80.30684604,45.68895006,16.1,88.3,34.8,"64,682",91.6,80.3,15.4
2008,Delaware,77.8268829,56.27404922,18.8,86.5,26.8,"50,702",93.6,77.9,18.9
2008,District of Columbia,75.1198291,51,16,85.2,46.9,"55,590",90.9,78.7,17.2
2008,Florida,78.67209956,41.84553749,14.1,85,25.7,"44,857",82.5,74.6,19.3
2008,Georgia,76.57444395,49.92428198,12.4,82.9,26.9,"46,227",84,75.3,19.4
2008,Hawaii,80.66707009,73.64100186,18.3,89.5,29,"61,521",93.7,82,17
2008,Idaho,79.05308868,29.36256684,14.8,88,24.1,"47,420",81.5,80.4,19.1
2008,Illinois,78.19845239,41.05836315,19.4,85.6,29.5,"53,254",85.4,77,20.1
2008,Indiana,77.09402722,44.14371257,15.8,85.8,22.5,"46,520",85,75.8,24.1
2008,Iowa,79.04518516,40.83604022,20.3,89.6,24.2,"50,142",91,77.9,19.8
2008,Kansas,78.02500247,36.48945642,15,89,29.2,"47,877",88.3,77,17.9
2008,Kentucky,75.73888867,45.82275486,8.4,80.5,19.9,"41,148",85.6,69.7,28.2
2008,Louisiana,75.14709471,45.07940762,13.3,80.1,20.3,"39,563",80.5,70,22.6
2008,Maine,78.72854316,36.12384591,16,89.4,25.6,"47,228",88.7,79.7,20.2
2008,Maryland,78.15222948,52.03947068,13.3,87.5,35.3,"63,711",87.9,77,17.1
2008,Massachusetts,79.98880281,45.57139188,17.6,88.4,37.7,"60,320",95.6,78.9,16.4
2008,Michigan,77.66225161,44.08378497,18.2,87.7,24.8,"49,788",88.3,79.2,21.1
2008,Minnesota,80.38285967,37.29738034,16.1,91.1,31,"54,925",91.8,83.3,16.5
2008,Mississippi,74.34870303,46.24299584,10.5,78.9,19.1,"36,446",80.6,68.2,23.9
2008,Missouri,76.79797064,46.96377331,16.3,85.7,24.6,"46,038",85.5,74.5,24.5
2008,Montana,77.81168083,28.8656495,16.5,90.6,26.8,"42,900",82.7,80.4,19.5
2008,Nebraska,78.99558372,36.27672956,18,90,27,"50,728",87.7,77.8,19.9
2008,Nevada,77.02637471,36.99143542,16.4,83.7,21.4,"54,744",78.8,75.6,21.5
2008,New Hampshire,79.64333046,40.28565506,15.4,90.4,32.4,"66,176",89.9,80.9,19.3
2008,New Jersey,79.55207129,46.31501706,14.1,86.8,33.9,"65,306",86.2,73.9,17.1
2008,New Mexico,77.49017201,39.72173038,12.8,82.3,24.8,"42,102",80.1,78.3,20.8
2008,New York,79.80378136,42.40512471,15.5,84.1,31.6,"50,461",87.8,75.6,18.9
2008,North Carolina,77.14654995,48.10325611,11.8,82.9,25.7,"42,930",82.2,75.7,22.9
2008,North Dakota,79.38365194,32.80870066,22.2,89.1,26.1,"49,631",88.4,77.5,20.9
2008,Ohio,77.18515315,43.76981832,16.8,87,23.8,"46,934",87.7,75.7,23.1
2008,Oklahoma,75.13921565,40.86159924,12.9,84.8,22.4,"46,111",81.1,70.4,25.8
2008,Oregon,78.85333826,36.06674383,14.9,88.1,27.9,"51,727",84,82.7,16.9
2008,Pennsylvania,77.94440089,47.45979232,16.4,86.8,25.9,"51,402",88.5,76.6,21
2008,Rhode Island,79.14047481,44.80050188,18.1,83,29.7,"53,241",89.2,76.6,17
2008,South Carolina,76.33768076,46.43602635,13.7,82.3,23.4,"42,155",82.4,75.2,21.9
2008,South Dakota,79.00419626,35.33320328,17.8,88.6,24.3,"51,600",87.7,77.4,19.8
2008,Tennessee,75.791044,47.66766297,8.9,81.8,22.3,"39,702",83.4,68.5,24.3
2008,Texas,77.70383733,44.12527609,15.1,79.2,25.1,"46,490",74.4,71.7,19.3
2008,Utah,79.50319776,52.05957447,9.5,90.5,28.9,"62,537",85.4,80.5,11.7
2008,Vermont,79.82223024,38.92056487,17.3,91,33.4,"50,706",89.4,81.7,17.6
2008,Virginia,78.31534146,41.65603329,14.8,85.7,33.2,"61,985",89.5,78.4,18.5
2008,Washington,79.29639931,32.32328582,15.1,89.4,30.5,"56,631",86.7,82.4,16.8
2008,West Virginia,75.16740123,47.13806287,10.5,81.4,16.9,"37,994",83.8,71.8,26.9
2008,Wisconsin,79.23842662,41.58515815,23.8,89,25.6,"51,200",89.7,80.6,19.6
2008,Wyoming,77.97515501,37.65257314,16.8,91,22.9,"53,337",84.4,78.3,22.1
2009,Alabama,75.21340153,41.28908213,11.4,81.5,21.9,"39,980",84.5,70.5,22.1
2009,Alaska,77.93835681,31.59686147,17.6,91.4,26.6,"61,604",82.3,75.9,21.5
2009,Arizona,79.28064936,52.31267806,15.3,83.8,25.5,"45,739",85,76.8,15.9
2009,Arkansas,75.78900891,37.80201624,11.5,81.9,19,"36,538",80,70.2,22.3
2009,California,80.33599167,56.28674438,16.1,80.6,29.9,"56,134",83,76.6,14
2009,Colorado,79.72368694,40.52880877,16.6,89.1,35.7,"55,930",83.3,81.1,17.6
2009,Connecticut,80.54194286,39.78149606,17.3,88.5,35.4,"64,851",90.6,77.5,15.9
2009,Delaware,77.97181609,47.31977401,18.3,87.2,26.9,"52,114",90.4,75.8,17.8
2009,District of Columbia,75.94506595,49,17,86.5,48.4,"53,141",94,78.8,16.2
2009,Florida,79.08718314,39.29514908,14,85.2,25.7,"45,631",81.3,74,17.5
2009,Georgia,76.94097767,43.91654295,13.2,83.5,27.3,"43,340",81.2,76.9,19.5
2009,Hawaii,80.62211233,76.14797794,18.1,90.2,29.3,"55,649",92.7,80.4,15.4
2009,Idaho,79.19636342,28.33680793,14,88.1,24.2,"46,778",81.3,78.8,16.9
2009,Illinois,78.70981699,39.68183851,19.4,86.1,30.2,"52,870",86.4,72,21.3
2009,Indiana,77.39179845,40.23721216,15.8,86.2,22.5,"44,305",82.9,72.2,26
2009,Iowa,79.44249223,39.55172414,20.1,90.2,24.5,"50,721",90.1,74.9,18.8
2009,Kansas,78.50744805,34.79181124,14.1,89.4,29.5,"44,717",88.2,74.4,17.9
2009,Kentucky,75.78479867,40.08061697,10.1,81.1,20.3,"42,664",84.4,69.5,25.2
2009,Louisiana,75.58780583,43.459375,13.4,81.2,20.8,"45,433",80.5,70.1,20.5
2009,Maine,78.90984574,34.65778753,15.8,89.8,26,"47,502",88.6,77.1,18.2
2009,Maryland,78.52486127,44.70786273,13.2,87.9,35.4,"64,186",88.5,76,14.9
2009,Massachusetts,80.28954682,41.14665971,17.6,88.7,38.2,"59,373",94.7,77.9,16.1
2009,Michigan,78.03611708,40.78385732,18.1,87.8,24.7,"45,994",86.4,74.8,20.5
2009,Minnesota,80.75641376,36.46544615,17.2,91.3,31.6,"56,090",92,81.9,17.6
2009,Mississippi,74.81613086,41.83857104,11.1,80,19.6,"35,078",80,67.4,22.7
2009,Missouri,77.3269758,43.68933793,15.8,86.3,25.2,"48,769",86.4,72.4,25
2009,Montana,78.51422378,32.54376824,17.4,90.9,27,"40,437",82.5,76.8,18.5
2009,Nebraska,79.69109963,30.50578292,18.6,89.8,27,"49,595",87.3,75.3,18.4
2009,Nevada,77.64482513,37.20860053,17.9,83.7,21.8,"51,434",80.5,72.4,22.2
2009,New Hampshire,79.99489715,41.13819742,16,90.7,32.5,"64,131",88.9,78.5,17.1
2009,New Jersey,80.01658316,40.44634606,13.8,87.4,34.4,"64,777",87.2,73,14.8
2009,New Mexico,78.07147538,36.13797241,11.9,82.5,24.8,"43,542",80.6,76,19.4
2009,New York,80.1419298,38.89071583,14.9,84.3,32.2,"50,216",88,73.6,16.8
2009,North Carolina,77.5250618,40.80021582,12.6,83.7,26.3,"41,906",81.9,75.3,20.9
2009,North Dakota,79.60699096,32.96166717,22.4,89.5,26.1,"50,075",89.3,74.4,18.1
2009,Ohio,77.54087265,38.80577137,16.4,87.3,24.1,"45,879",87.9,73.9,20.1
2009,Oklahoma,75.67523551,41.99281745,12.3,85.3,22.5,"45,878",80.2,68.5,24.7
2009,Oregon,79.22560196,35.43176237,14.3,88.7,28.7,"49,098",82.1,80.9,16.3
2009,Pennsylvania,78.29140977,43.90705596,16.5,87.4,26.2,"48,172",89,74.2,21.3
2009,Rhode Island,79.5682216,37.67203682,18,83.7,30.1,"51,634",88,75.7,17.4
2009,South Carolina,76.66550129,38.15300204,13.1,82.9,24,"41,101",83.7,72.8,20
2009,South Dakota,79.22232507,35.14653465,17.6,89.4,24.8,"45,826",89,73.1,17.5
2009,Tennessee,76.07518465,36.85433558,9.8,82.6,22.5,"40,517",84.3,71,23.1
2009,Texas,78.11055364,42.73359277,15.1,79.6,25.6,"47,475",74.8,71.5,18.5
2009,Utah,80.00930457,50.76891106,9,90.5,28.7,"58,491",85,80.2,9.3
2009,Vermont,79.78903657,37.91735537,17.6,90.4,33.3,"52,318",90.2,80.5,16.8
2009,Virginia,78.73911821,36.00372261,15,86.1,33.7,"60,501",88.1,76.4,16.4
2009,Washington,79.62139844,32.0069478,15.5,89.7,30.7,"60,392",85.6,80.6,15.7
2009,West Virginia,75.29464259,43.53964194,9.3,81.9,17.1,"40,490",82.5,68.9,26.5
2009,Wisconsin,79.72456419,39.44456695,23.1,89.5,25.6,"51,237",89.7,77.9,19.9
2009,Wyoming,78.02149213,34.81857946,16.1,91.3,23.6,"52,470",83.6,75.6,19.4
2010,Alabama,75.28776663,48.80831624,11.4,82.7,22.3,"40,933",83.8,69,22.5
2010,Alaska,77.73321127,29.80925131,16.9,91.8,26.4,"57,848",82.4,77.6,20.6
2010,Arizona,79.46730895,51.88924758,15.3,85.7,26.6,"46,896",86.7,81,16.1
2010,Arkansas,76.00342317,42.45521797,12.1,83.8,20.3,"38,587",78.7,70.2,21.5
2010,California,80.69397987,54.11063234,15.7,81.1,30.3,"54,283",82.2,77.9,12.9
2010,Colorado,80.02453627,43.11347115,16.1,90.2,36.7,"60,233",83.6,82.3,17.1
2010,Connecticut,80.73388817,43.83885122,17.9,89.1,36.2,"65,998",90.2,78.4,15.4
2010,Delaware,78.09724496,53.69467213,18.2,87,28.8,"55,214",90,78.1,18.3
2010,District of Columbia,77.08679245,51,18.9,87.2,52.5,"56,928",93,80.4,15.3
2010,Florida,79.24481321,42.12026035,13.2,85.9,25.8,"44,066",83,75.3,17.1
2010,Georgia,77.12487734,48.36438183,12.4,84.3,27.6,"44,117",83.7,75.8,17.7
2010,Hawaii,81.23719708,80.27306617,17.4,90.6,29.1,"59,539",93.2,80.4,15.4
2010,Idaho,79.23601778,29.84156831,13.1,88.6,25.2,"47,050",80.9,79,16.3
2010,Illinois,78.97456549,42.0373393,18.5,87.2,31,"50,728",86.9,76.4,18.6
2010,Indiana,77.46486698,44.24817456,14.9,87.3,23,"46,139",85,72.8,23.1
2010,Iowa,79.54002175,43.28692449,19.4,90.6,25.8,"49,016",89.6,75.8,17.2
2010,Kansas,78.4664243,36.82532348,14.3,90,30.1,"46,054",87.5,76.8,17.8
2010,Kentucky,75.82145071,46.53424512,11.9,83.1,21.1,"41,104",83.1,70.3,25.6
2010,Louisiana,75.7545282,47.644646,14,82.5,21.1,"39,300",79.2,71.4,22.1
2010,Maine,79.02405395,35.3807974,15.4,90.9,28.4,"47,931",88,78.8,17.3
2010,Maryland,79.0150989,52.74045157,13.3,88.9,36.9,"64,201",89.1,76.2,15.2
2010,Massachusetts,80.48104633,42.75146572,17.7,89.2,39.1,"60,934",95.7,79.1,15
2010,Michigan,78.04203002,42.42236393,17.4,88.8,25.6,"46,276",86.1,76.4,19.6
2010,Minnesota,80.7118343,36.13034292,20,92,32.4,"52,321",91,84.2,16.8
2010,Mississippi,74.77206823,45.52806056,10.4,81.1,19.8,"38,160",78.4,67.7,23.3
2010,Missouri,77.40104472,48.66946688,16.2,87.6,26.1,"45,817",85,73.3,23.1
2010,Montana,78.3811178,34.99908088,17.5,92.3,28.2,"41,280",81.6,78,16.8
2010,Nebraska,79.48061523,34.6140199,18.5,91,27.9,"52,504",86.3,75.8,16.7
2010,Nevada,77.90453978,36.52526641,18.3,84,22.5,"51,200",80.3,75.6,22
2010,New Hampshire,80.1473663,44.74020017,16.2,91.4,33.4,"66,633",88.7,78.8,15.8
2010,New Jersey,80.03801682,47.09188801,14.2,88.1,35.3,"62,968",88.5,73.8,15.8
2010,New Mexico,78.25577957,39.05263158,12.2,83.2,25.6,"45,134",80.9,77.6,17.9
2010,New York,80.40083081,41.02958047,15.5,85,32.9,"49,781",88.6,73.6,18
2010,North Carolina,77.75513604,46.36931949,12.9,84.7,26.9,"43,830",81,73.6,20.3
2010,North Dakota,79.26647923,36.19483871,21.5,90.7,26.3,"51,006",88.9,73.2,18.6
2010,Ohio,77.62137416,46.38485603,15.9,88.3,24.7,"45,886",87.2,73.6,20.3
2010,Oklahoma,75.6997977,43.76094537,12.6,86.3,23.8,"43,103",80.8,68.6,25.5
2010,Oregon,79.4635643,29.67085954,13.8,89.4,29.3,"50,602",83.5,82.3,17.9
2010,Pennsylvania,78.47195469,48.33012336,16.7,88.6,27,"48,314",88.5,74.3,20.2
2010,Rhode Island,79.49141461,40.81182796,17.9,84.8,31.1,"51,623",87.7,75.1,15.1
2010,South Carolina,76.68380446,43.56472393,12.5,84.2,24.1,"41,698",81.2,73.8,20.4
2010,South Dakota,79.16937556,37.26078367,18.5,90.6,26.3,"45,352",89.4,75.5,17.5
2010,Tennessee,76.13001365,45.33994374,8.8,84.2,23.6,"38,591",83.5,69,22
2010,Texas,78.31565945,42.34218289,14.8,81.1,26.4,"47,266",76.9,72.7,17.9
2010,Utah,79.68350187,51.19234617,8.6,90.3,29.7,"56,701",84.1,82.3,9.8
2010,Vermont,79.72437567,37.97074954,17.3,91.8,35.4,"55,928",91.6,79.8,17.1
2010,Virginia,79.00142089,42.70253369,13.6,87.8,35.1,"60,367",87.8,78.1,19
2010,Washington,79.9952205,27.43601583,15.1,90.1,31.9,"56,163",84.9,80.5,14.9
2010,West Virginia,75.4460284,43.14621633,9,84.2,18.5,"42,777",82.5,66.8,25.6
2010,Wisconsin,79.55205961,41.85342671,23.2,90.4,26.5,"50,351",89.3,78,18.8
2010,Wyoming,78.36564931,36.44757081,15.6,92,24.7,"52,201",83.5,77.5,19.9
2011,Alabama,75.3121832,45.80982634,10.4,82.7,22.3,"42,590",80.8,68.9,21.9
2011,Alaska,78.19267531,30.86202186,19.1,91.8,26.4,"57,431",80.6,78,20.4
2011,Arizona,79.48015732,56.61756238,13.2,85.7,26.6,"48,621",80.8,78,13.5
2011,Arkansas,75.88318483,41.94385679,10.6,83.8,20.3,"41,302",74.7,70.2,22.9
2011,California,80.69360039,58.22405572,15.8,81.1,30.3,"53,367",81.7,79.6,12.1
2011,Colorado,80.01116021,46.41019178,15.9,90.2,36.7,"58,629",82,81.8,16
2011,Connecticut,80.7030699,43.15798843,18.2,89.1,36.2,"65,415",86.9,79.3,13.2
2011,Delaware,78.15595625,48.4173516,18.6,87,28.8,"54,660",88.9,76.1,17.3
2011,District of Columbia,77.61973147,54,16.4,87.2,52.5,"55,251",92.4,78.6,14.8
2011,Florida,79.53554653,41.24708745,13.6,85.9,25.8,"45,105",74.1,76,17.1
2011,Georgia,77.48781761,49.18879493,11.5,84.3,27.6,"45,973",75.2,74.9,17.6
2011,Hawaii,81.38498312,58.34441088,17.5,90.6,29.1,"59,047",89.9,80.8,14.5
2011,Idaho,79.09294558,28.85505639,13.1,88.6,25.2,"47,459",77.4,80,15.7
2011,Illinois,78.99161669,39.29121761,17.7,87.2,31,"50,637",82.6,74.3,16.9
2011,Indiana,77.36828231,42.60267389,13.8,87.3,23,"44,445",79.4,73.5,21.2
2011,Iowa,79.47776312,43.69424394,17.7,90.6,25.8,"50,219",87.6,75.2,16.1
2011,Kansas,78.43245885,42.1897514,14.7,90,30.1,"46,147",82.6,76,17
2011,Kentucky,75.81754156,44.35181496,12.2,83.1,21.1,"39,856",80.5,70.7,24.8
2011,Louisiana,75.93208749,47.84770346,14.7,82.5,21.1,"40,658",77.1,69.9,22.1
2011,Maine,79.01232435,35.70276848,14.8,90.9,28.4,"49,693",86.5,77.5,18.2
2011,Maryland,79.20361925,50.46174085,13.7,88.9,36.9,"68,876",86.6,76.9,15.2
2011,Massachusetts,80.44305957,43.31867576,17.7,89.2,39.1,"63,313",93,79.4,14.1
2011,Michigan,78.05089337,42.02200525,16.1,88.8,25.6,"48,879",83.9,76.4,18.9
2011,Minnesota,80.70154395,36.02588467,18.4,92,32.4,"57,820",88.1,80.9,14.9
2011,Mississippi,74.76817952,45.16157895,10,81.1,19.8,"41,090",73.6,67,22.9
2011,Missouri,77.47257851,49.6972067,16.4,87.6,26.1,"45,774",81.6,72.8,21.1
2011,Montana,78.44582714,35.82746547,17.2,92.3,28.2,"40,277",79.2,78.4,18.8
2011,Nebraska,79.52975349,35.24896093,18.7,91,27.9,"55,616",83.4,75.3,17.2
2011,Nevada,77.96348328,36.86486486,17.3,84,22.5,"47,043",72.6,77,21.3
2011,New Hampshire,79.88917751,43.71864548,15.4,91.4,33.4,"65,880",86.2,80.1,16.9
2011,New Jersey,79.99263729,45.81836042,14.1,88.1,35.3,"62,338",84.2,73.4,14.4
2011,New Mexico,78.20547893,42.66565226,12.1,83.2,25.6,"41,982",77.3,78.4,18.5
2011,New York,80.40265503,39.63570158,15.9,85,32.9,"50,636",84.7,76.1,15.5
2011,North Carolina,77.90011136,44.33888255,12,84.7,26.9,"45,206",78.7,74.3,19.8
2011,North Dakota,79.13316883,34.87586424,20.1,90.7,26.3,"56,361",85.9,75.2,17.4
2011,Ohio,77.47576403,43.78209745,16.7,88.3,24.7,"44,648",85.6,73.9,22.5
2011,Oklahoma,75.66859763,52.15761155,13,86.3,23.8,"48,455",77.3,70.1,23.7
2011,Oregon,79.37382572,32.40029236,14.6,89.4,29.3,"51,526",80.6,82.5,15.1
2011,Pennsylvania,78.3025483,46.62791404,15.8,88.6,27,"49,910",86.2,74.2,18.4
2011,Rhode Island,79.76317365,43.54237288,17.2,84.8,31.1,"49,033",85.3,75.9,15.7
2011,South Carolina,76.88691563,44.52802803,12.5,84.2,24.1,"40,084",78.1,72.2,21
2011,South Dakota,79.07906912,36.26946108,18.5,90.6,26.3,"47,223",86.4,75.3,15.4
2011,Tennessee,76.235436,44.41420949,6.7,84.2,23.6,"42,279",81.4,70.1,20.1
2011,Texas,78.51443443,47.87567173,14.8,81.1,26.4,"49,047",70.6,73.4,15.8
2011,Utah,79.79579617,50.06705351,8.8,90.3,29.7,"55,493",81.9,82.1,9.1
2011,Vermont,80.02075392,41.22627737,17.1,91.8,35.4,"51,862",90,82.1,15.4
2011,Virginia,78.96147909,39.17239583,15.3,87.8,35.1,"62,616",84.5,76.7,18.5
2011,Washington,79.98196362,29.08042895,15.3,90.1,31.9,"56,850",81.4,81.7,15.2
2011,West Virginia,75.20238975,39.68411673,9.1,84.2,18.5,"41,821",78.1,67.1,26.8
2011,Wisconsin,79.46594819,41.89454447,22.8,90.4,26.5,"52,058",87,77.2,19.1
2011,Wyoming,78.1950741,37.98392794,15.2,92,24.7,"54,509",78.8,77.8,19.5
2012,Alabama,75.35814245,43.26735104,13.7,82.7,22.3,"43,464",79.7,67.4,24.3
2012,Alaska,78.4752488,30.95145228,20.8,91.8,26.4,"63,648",82.6,78,22.9
2012,Arizona,79.49191763,55.28777143,18,85.7,26.6,"47,044",79.2,75.8,19.3
2012,Arkansas,75.82431208,42.1443986,14.1,83.8,20.3,"39,018",73,69.1,27
2012,California,80.82971559,57.13448806,18.6,81.1,30.3,"57,020",78.5,80.9,13.7
2012,Colorado,80.12893104,47.21185692,20.1,90.2,36.7,"57,255",81.6,83.5,18.3
2012,Connecticut,80.89154225,47.99682288,17.9,89.1,36.2,"64,247",88.4,74.5,17.1
2012,Delaware,78.59412279,49.73836127,20.3,87,28.8,"48,972",87.7,73,21.7
2012,District of Columbia,77.57205231,56,25,87.2,52.5,"65,246",91.6,80.2,20.8
2012,Florida,79.65047627,38.20948418,17.1,85.9,25.8,"46,071",76.1,73.1,19.3
2012,Georgia,77.61182527,44.88867825,16.6,84.3,27.6,"48,121",76.7,73.3,21.2
2012,Hawaii,81.35882458,63.29224377,21.5,90.6,29.1,"56,263",89.1,78.7,16.8
2012,Idaho,79.19451484,30.71672819,16.6,88.6,25.2,"47,922",80.1,78.6,17.2
2012,Illinois,79.0811605,42.45945636,23,87.2,31,"51,738",82.5,74.9,20.9
2012,Indiana,77.33971421,43.07125541,17.8,87.3,23,"46,158",81.1,70.8,25.6
2012,Iowa,79.56999042,45.03266055,23.1,90.6,25.8,"53,442",88.1,74.1,20.4
2012,Kansas,78.49198034,44.05741751,17,90,30.1,"50,003",82,73.2,22
2012,Kentucky,75.73836902,46.69961634,16.1,83.1,21.1,"41,086",81.9,70.7,29
2012,Louisiana,75.66565718,45.33342271,16.1,82.5,21.1,"39,085",78.1,66.2,25.7
2012,Maine,79.23801161,35.35419198,17.3,90.9,28.4,"49,158",85.9,77,22.8
2012,Maryland,79.27169392,51.03724989,18,88.9,36.9,"71,836",86.3,73.8,19.1
2012,Massachusetts,80.67741097,42.28157827,20.6,89.2,39.1,"63,656",93.8,76.5,18.2
2012,Michigan,78.1504776,47.37484329,19.7,88.8,25.6,"50,015",85.5,76.4,23.3
2012,Minnesota,80.80274461,36.3429441,22.1,92,32.4,"61,795",88.4,78.1,19.1
2012,Mississippi,74.91948379,42.76157205,14.2,81.1,19.8,"36,641",76.7,64,26
2012,Missouri,77.63253896,51.45932865,19.2,87.6,26.1,"49,764",82.2,71.6,25
2012,Montana,78.70476143,38.31187465,20.8,92.3,28.2,"45,088",80.1,75.6,22.1
2012,Nebraska,79.48961874,39.69376026,22.7,91,27.9,"52,196",84.4,73.7,20
2012,Nevada,78.21739962,47.39069767,18.6,84,22.5,"47,333",73.9,75.7,22.9
2012,New Hampshire,80.18401486,39.83991684,18.7,91.4,33.4,"67,819",86,77.5,19.4
2012,New Jersey,80.19859152,45.84840623,18.2,88.1,35.3,"66,692",83.8,73.6,16.8
2012,New Mexico,78.27861969,43.06587803,16.4,83.2,25.6,"43,424",76.7,74.7,21.5
2012,New York,80.58446869,39.565041,19.6,85,32.9,"47,680",83.9,73.7,18.1
2012,North Carolina,77.9496733,41.61626584,15.2,84.7,26.9,"41,553",78.1,73.3,21.8
2012,North Dakota,79.79102141,36.51944107,23.8,90.7,26.3,"55,766",85.8,72.9,21.9
2012,Ohio,77.5160037,45.33445617,20.1,88.3,24.7,"44,375",84.6,73,25.1
2012,Oklahoma,75.86421158,48.73715145,16.5,86.3,23.8,"48,407",81,68.8,26.1
2012,Oregon,79.60561544,31.82720677,16.5,89.4,29.3,"51,775",80,80.3,19.7
2012,Pennsylvania,78.51193322,48.14295223,18.3,88.6,27,"51,904",85.6,73.8,22.4
2012,Rhode Island,79.96950949,42.87062257,19.7,84.8,31.1,"56,065",83.7,73.8,20
2012,South Carolina,76.93382717,38.97483095,15.4,84.2,24.1,"44,401",77.3,72.8,23.1
2012,South Dakota,79.1410033,42.02861842,22.1,90.6,26.3,"49,415",87.9,73.1,23
2012,Tennessee,76.21298591,44.54907041,10,84.2,23.6,"42,995",81.2,64.9,23
2012,Texas,78.47309802,44.98852058,18.9,81.1,26.4,"51,926",69.6,72.8,19.2
2012,Utah,79.75971282,50.62645607,12,90.3,29.7,"58,341",83,81.1,11.8
2012,Vermont,79.62730447,36.39471511,18.5,91.8,35.4,"55,582",89.2,79,19.1
2012,Virginia,79.12145477,38.24805154,17.9,87.8,35.1,"64,632",84.2,75,20.9
2012,Washington,80.05723643,30.62313827,17.8,90.1,31.9,"62,187",81.5,78,17.5
2012,West Virginia,75.35389177,40.91474654,10.1,84.2,18.5,"43,553",78.3,64.9,28.6
2012,Wisconsin,79.61502034,45.36459983,24.3,90.4,26.5,"53,079",87.1,77.3,20.9
2012,Wyoming,78.48571682,41.10068259,18.9,92,24.7,"57,512",78.6,74.5,23
2013,Alabama,75.33912943,37.8973392,12.3,82.7,22.3,"41,381",81.5,68.5,23.8
2013,Alaska,78.44647774,30.40193492,16.8,91.8,26.4,"61,137",82.8,77.7,20.5
2013,Arizona,79.5993495,51.13182423,15.3,85.7,26.6,"50,602",78.7,74.8,17.1
2013,Arkansas,75.9046992,38.23350254,11.8,83.8,20.3,"39,919",75.6,65.6,25
2013,California,80.85501336,55.9286937,16.9,81.1,30.3,"57,528",82.7,78.6,12.6
2013,Colorado,80.23434252,45.74928806,19.2,90.2,36.7,"63,371",83,82.1,17.7
2013,Connecticut,80.98403657,48.16150794,17.5,89.1,36.2,"67,781",89.5,75.1,16
2013,Delaware,78.82277504,44.87764489,18.6,87,28.8,"52,219",87.4,72.2,19.7
2013,District of Columbia,77.50448958,48,23.1,87.2,52.5,"60,675",91.4,80.5,19.6
2013,Florida,79.70551678,36.93567556,16.5,85.9,25.8,"47,886",74.7,72.3,17.7
2013,Georgia,77.54110396,39.97857143,14.4,84.3,27.6,"47,439",76.4,72.8,20.4
2013,Hawaii,81.2158183,56.02676733,18.2,90.6,29.1,"61,408",91.2,77.9,14.6
2013,Idaho,79.25990992,32.08287014,14.1,88.6,25.2,"51,767",79.5,76.3,16.4
2013,Illinois,79.23989027,36.70317442,21.6,87.2,31,"57,196",83,74.9,18.6
2013,Indiana,77.21650493,37.95144324,15.9,87.3,23,"50,553",81.9,69,24
2013,Iowa,79.43894299,41.39235485,21.7,90.6,25.8,"54,855",88.7,71.5,18.1
2013,Kansas,78.61213116,36.87974508,15.8,90,30.1,"51,485",82,73.5,19.4
2013,Kentucky,76.07473158,38.76588853,14.9,83.1,21.1,"42,158",80.9,69.8,28.3
2013,Louisiana,75.45162376,41.30981595,16.5,82.5,21.1,"39,622",77.6,67.8,24.8
2013,Maine,78.96966786,36.14764305,17.7,90.9,28.4,"50,121",86.7,76.7,20.3
2013,Maryland,79.25589198,43.81761945,16.4,88.9,36.9,"65,262",86.3,74.7,16.2
2013,Massachusetts,80.5046797,41.58540752,19.7,89.2,39.1,"62,963",93.5,76.5,16.4
2013,Michigan,78.04077557,38.68805608,19.2,88.8,25.6,"48,801",84.8,75.6,23.3
2013,Minnesota,80.7197345,35.99068018,21.9,92,32.4,"60,907",88.9,76.5,18.8
2013,Mississippi,74.65914035,38.3549007,12.1,81.1,19.8,"40,850",76,61.9,24
2013,Missouri,77.61962403,42.72686613,17.2,87.6,26.1,"50,311",83.8,71.7,23.9
2013,Montana,78.37279614,34.69843503,21.7,92.3,28.2,"44,132",81.4,77.5,19.7
2013,Nebraska,79.55817285,34.00132802,22.1,91,27.9,"53,774",84.8,74.7,19.7
2013,Nevada,78.29792391,48.09395509,15.1,84,22.5,"45,369",76.6,76.3,18.1
2013,New Hampshire,80.14190696,39.54704413,17,91.4,33.4,"71,322",86.3,77.6,17.2
2013,New Jersey,80.25091794,42.14831212,17.7,88.1,35.3,"61,782",83.1,73.2,17.3
2013,New Mexico,78.54837585,43.00665323,14.6,83.2,25.6,"42,127",77.3,75.7,19.3
2013,New York,80.65245817,37.61760155,17,85,32.9,"53,843",85,73.3,16.2
2013,North Carolina,78.10118801,37.18334323,13.1,84.7,26.9,"41,208",79.2,73.4,20.9
2013,North Dakota,79.33667684,38.77621522,24.1,90.7,26.3,"52,888",89.3,72.4,21.2
2013,Ohio,77.56728535,38.97548906,18,88.3,24.7,"46,398",85.6,71.5,23.3
2013,Oklahoma,75.62854281,42.91394953,14.4,86.3,23.8,"43,777",80.7,67,23.3
2013,Oregon,79.47447745,37.08918658,15.3,89.4,29.3,"56,307",78.5,81.5,17.9
2013,Pennsylvania,78.55925237,44.92879499,17.9,88.6,27,"53,952",86.5,73.7,21.4
2013,Rhode Island,79.61902457,40.66329347,17.2,84.8,31.1,"57,812",83.7,73.1,17.4
2013,South Carolina,76.90894227,34.84257285,15.4,84.2,24.1,"43,749",79.5,73.1,22.5
2013,South Dakota,79.31569094,40.30705532,20.6,90.6,26.3,"54,453",86.9,76.2,22
2013,Tennessee,76.25246145,39.90902323,11.3,84.2,23.6,"42,499",81.8,62.8,24.9
2013,Texas,78.46446189,42.61591999,16.2,81.1,26.4,"53,027",72.2,69.9,18.2
2013,Utah,79.53975969,53.91064601,11.2,90.3,29.7,"62,967",84.1,79.4,10.6
2013,Vermont,79.90055973,36.74607113,19.3,91.8,35.4,"54,842",89.8,79.5,16.5
2013,Virginia,79.24927793,34.72372238,15.7,87.8,35.1,"67,620",84.1,74.5,19
2013,Washington,80.12314109,32.23477915,16.9,90.1,31.9,"60,106",82.1,80,17.2
2013,West Virginia,75.54295439,35.52968568,10.2,84.2,18.5,"40,241",79,68.6,28.2
2013,Wisconsin,79.46370471,40.04152249,25.2,90.4,26.5,"55,258",87.6,76.2,20.4
2013,Wyoming,78.59202365,41.96116336,17,92,24.7,"55,700",79.6,74.9,21.8
2014,Alabama,75.51338667,39.93664676,11.2,82.7,22.3,"42,278",85,68.5,21.5
2014,Alaska,78.79088806,34.9124487,19.5,91.8,26.4,"67,629",85.3,77.7,22.6
2014,Arizona,79.72451355,52.14919268,13.4,85.7,26.6,"49,254",84.7,74.8,16.3
2014,Arkansas,75.99727505,36.12283044,12.5,83.8,20.3,"44,922",82.5,65.6,25.9
2014,California,81.1890094,56.23274194,17.4,81.1,30.3,"60,487",84.9,78.6,12.5
2014,Colorado,80.01711172,42.45274071,18.5,90.2,36.7,"60,940",86.8,82.1,17.7
2014,Connecticut,81.11674867,44.81336497,18.2,89.1,36.2,"70,161",90.4,75.1,15.5
2014,Delaware,78.45518436,47.20566728,17,87,28.8,"57,522",90.4,72.2,19.6
2014,District of Columbia,77.88988459,47,22.4,87.2,52.5,"68,277",92,80.5,18.8
2014,Florida,79.60295943,37.92498566,15.6,85.9,25.8,"46,140",80.3,72.3,16.8
2014,Georgia,77.56154068,42.10104012,13.1,84.3,27.6,"49,555",78.7,72.8,18.8
2014,Hawaii,81.42376203,51.47042053,18.3,90.6,29.1,"71,223",91.4,77.9,13.3
2014,Idaho,79.231991,30.11235648,14.9,88.6,25.2,"53,438",82.7,76.3,17.2
2014,Illinois,79.1738928,36.22663222,21.8,87.2,31,"54,916",87.4,74.9,18
2014,Indiana,77.2851472,38.54553415,15,87.3,23,"48,060",84.3,69,21.9
2014,Iowa,79.44627381,40.99496403,21.7,90.6,25.8,"57,810",91.6,71.5,19.5
2014,Kansas,78.54163986,37.14673279,15.4,90,30.1,"53,444",84.6,73.5,20
2014,Kentucky,75.83714957,39.87202347,13.4,83.1,21.1,"42,786",89.3,69.8,26.5
2014,Louisiana,75.45279288,41.20710701,16.3,82.5,21.1,"42,406",80.6,67.8,23.5
2014,Maine,79.03713793,34.86452763,17.2,90.9,28.4,"51,710",87.8,76.7,20.2
2014,Maryland,79.42291823,44.25935614,14.2,88.9,36.9,"76,165",90,74.7,16.4
2014,Massachusetts,80.339166,39.87845892,19.4,89.2,39.1,"63,151",95.2,76.5,16.6
2014,Michigan,77.97184163,40.25822368,18.9,88.8,25.6,"52,005",89,75.6,21.4
2014,Minnesota,80.78223545,34.36857317,21,92,32.4,"67,244",92.2,76.5,18
2014,Mississippi,74.77847621,39.39596879,12.4,81.1,19.8,"35,521",80.3,61.9,24.8
2014,Missouri,77.60367694,41.37869639,17.2,87.6,26.1,"56,630",85.9,71.7,22.1
2014,Montana,78.56121356,33.97582719,20.8,92.3,28.2,"51,102",86.2,77.5,19
2014,Nebraska,79.4447385,32.0027088,20,91,27.9,"56,870",86.8,74.7,18.5
2014,Nevada,78.55883518,44.60115215,15.2,84,22.5,"49,875",82.1,76.3,19.4
2014,New Hampshire,79.68630123,39.13150229,16.8,91.4,33.4,"73,397",87.5,77.6,16.2
2014,New Jersey,80.40495305,41.75831038,16.3,88.1,35.3,"65,243",86.5,73.2,15.7
2014,New Mexico,78.18041179,39.42686935,14.5,83.2,25.6,"46,686",83.4,75.7,19.1
2014,New York,80.89850136,36.69109695,17.4,85,32.9,"54,310",86.9,73.3,16.6
2014,North Carolina,78.09629257,39.06040757,13,84.7,26.9,"46,784",82.8,73.4,20.3
2014,North Dakota,79.07880575,36.46144468,23.8,90.7,26.3,"60,730",90.8,72.4,21.2
2014,Ohio,77.53337029,39.19800834,17.1,88.3,24.7,"49,644",89.1,71.5,23.4
2014,Oklahoma,75.72763745,41.1962983,12.7,86.3,23.8,"47,199",85.3,67,23.7
2014,Oregon,79.5076857,31.88448471,16.5,89.4,29.3,"58,875",88,81.5,17.3
2014,Pennsylvania,78.72246673,44.42662481,17.2,88.6,27,"55,173",88.8,73.7,21
2014,Rhode Island,79.76153781,36.95333943,17.8,84.8,31.1,"58,633",91.3,73.1,17.4
2014,South Carolina,76.88357658,37.25210687,14.9,84.2,24.1,"44,929",81.7,73.1,22
2014,South Dakota,79.22497525,35.82876033,19.2,90.6,26.3,"53,053",89.5,76.2,19.6
2014,Tennessee,76.13624845,40.24598047,9.6,84.2,23.6,"43,716",84.7,62.8,24.3
2014,Texas,78.44160407,41.02031325,16.7,81.1,26.4,"53,875",75.1,69.9,15.9
2014,Utah,79.64961493,45.680008,12.3,90.3,29.7,"63,383",86.6,79.4,10.3
2014,Vermont,79.84076763,34.61932287,17.1,91.8,35.4,"60,708",92.6,79.5,16.6
2014,Virginia,79.34431599,34.67985099,15.9,87.8,35.1,"66,155",86.3,74.5,19
2014,Washington,80.12040282,29.28281611,16.8,90.1,31.9,"59,068",88.7,80,16.1
2014,West Virginia,75.49909149,35.69418743,11.2,84.2,18.5,"39,552",88.5,68.6,27.3
2014,Wisconsin,79.57976343,39.79607991,22.5,90.4,26.5,"58,080",90.7,76.2,18.7
2014,Wyoming,78.70156048,40.17622117,16.6,92,24.7,"55,690",84.1,74.9,20.6
2015,Alabama,75.32402267,40.80467995,12,82.7,22.3,"44,509",85.8,68.1,21.1
2015,Alaska,78.6116686,35.47383863,20.2,91.8,26.4,"75,112",85.4,78,19.9
2015,Arizona,79.48559595,47.59421842,14.9,85.7,26.6,"52,248",84.9,75.3,16.5
2015,Arkansas,75.73329979,35.20893517,13.3,83.8,20.3,"42,798",86.6,65.8,24.7
2015,California,80.91122444,55.91848265,15.6,81.1,30.3,"63,636",88.3,80,12.8
2015,Colorado,79.93934942,41.39241211,17.5,90.2,36.7,"66,596",88.9,82.1,15.7
2015,Connecticut,80.96569295,45.5116096,15.9,89.1,36.2,"72,889",92.1,76.5,15.4
2015,Delaware,78.54095334,46.36621005,15.7,87,28.8,"57,756",91,70.6,19.9
2015,District of Columbia,77.44493234,47,24.9,87.2,52.5,"70,071",94.2,80.6,16.4
2015,Florida,79.37611708,36.07757023,15,85.9,25.8,"48,825",81.7,73.8,17.6
2015,Georgia,77.39871451,39.02825696,14.2,84.3,27.6,"50,768",82.1,72.7,17.4
2015,Hawaii,81.35025267,55.01921757,19.7,90.6,29.1,"64,514",92.4,77.5,14.1
2015,Idaho,79.1463112,32.20992622,14.8,88.6,25.2,"51,624",85.1,78.8,15.9
2015,Illinois,79.15989659,35.8328105,20.2,87.2,31,"60,413",90.1,75.2,16.5
2015,Indiana,77.08326913,36.10232704,14.8,87.3,23,"51,983",87.6,70.6,22.9
2015,Iowa,79.35654461,38.83160158,21.4,90.6,25.8,"60,855",93.2,73.7,18.5
2015,Kansas,78.3667417,36.40526316,15.8,90,30.1,"54,865",86.4,73.5,18.1
2015,Kentucky,75.47211569,39.62696862,12.7,83.1,21.1,"42,387",92.6,67.5,26.2
2015,Louisiana,75.57021362,39.92155732,16,82.5,21.1,"45,922",84,68.1,24
2015,Maine,78.58558332,35.53672159,17,90.9,28.4,"50,756",88.9,75.2,19.3
2015,Maryland,79.23390635,45.37329106,15.4,88.9,36.9,"73,594",90.8,75.9,14.6
2015,Massachusetts,79.92584873,38.86413281,17.4,89.2,39.1,"67,861",94.6,73.5,14.7
2015,Michigan,77.87203089,39.26935404,18.9,88.8,25.6,"54,203",89.4,74.5,21.2
2015,Minnesota,80.60005231,33.91314801,19.5,92,32.4,"68,730",93.5,78.2,16.3
2015,Mississippi,74.5456467,37.28088506,12.8,81.1,19.8,"40,037",81.4,63.2,23
2015,Missouri,77.39220459,37.44972523,15.1,87.6,26.1,"59,196",86.9,73,20.6
2015,Montana,78.46449278,37.2330163,18.9,92.3,28.2,"51,395",86.9,77.5,19.9
2015,Nebraska,79.20364129,32.16354937,20.3,91,27.9,"60,474",87.5,74.7,17.3
2015,Nevada,78.42408898,42.45986125,16,84,22.5,"52,008",84.9,75.3,17
2015,New Hampshire,79.38168565,39.50250836,16.8,91.4,33.4,"75,675",92.4,77.4,17.5
2015,New Jersey,80.42178409,43.3285192,15.8,88.1,35.3,"68,357",87.5,72.8,15.1
2015,New Mexico,78.28370513,36.24720069,13.7,83.2,25.6,"45,119",88.2,77.4,19.1
2015,New York,80.84596235,38.05175439,15,85,32.9,"58,005",89.3,70.7,14.4
2015,North Carolina,77.91288199,38.30922199,13.6,84.7,26.9,"50,797",83.5,73.8,19.1
2015,North Dakota,79.39210264,36.97780214,24,90.7,26.3,"57,415",91.4,73.2,19.9
2015,Ohio,77.15781969,38.32567433,18,88.3,24.7,"53,301",90.9,73,21
2015,Oklahoma,75.63062606,38.24470354,12.8,86.3,23.8,"47,077",85.5,66.8,21.1
2015,Oregon,79.28060524,34.27020234,16.6,89.4,29.3,"60,834",91.3,81.2,17
2015,Pennsylvania,78.38099688,45.22334766,16.7,88.6,27,"60,389",91,72.2,19.9
2015,Rhode Island,79.25078043,42.03508772,18.4,84.8,31.1,"55,701",91.6,71.9,16.3
2015,South Carolina,76.59206027,36.77051807,14.1,84.2,24.1,"46,360",85.1,73.3,21.5
2015,South Dakota,78.95482053,35.93711249,17.4,90.6,26.3,"55,065",90.8,78.5,18.6
2015,Tennessee,76.02295532,38.77226162,10.6,84.2,23.6,"47,330",85.6,69.6,24.2
2015,Texas,78.42341332,41.18307306,16.3,81.1,26.4,"56,473",76.4,70.5,14.5
2015,Utah,79.49284341,45.80648536,11.4,90.3,29.7,"66,258",88.8,79.7,9.7
2015,Vermont,79.28713682,35.16652858,17.9,91.8,35.4,"59,494",93.6,77.8,16.4
2015,Virginia,79.24585969,35.36902025,15.2,87.8,35.1,"61,486",88.7,74.9,19.5
2015,Washington,79.87326719,32.02363147,17.1,90.1,31.9,"67,243",89.6,81,15.3
2015,West Virginia,75.33343168,35.27668172,9.6,84.2,18.5,"42,824",91.5,69.2,26.7
2015,Wisconsin,79.47064293,38.42019584,22.1,90.4,26.5,"55,425",91.9,78.4,17.4
2015,Wyoming,78.73515862,40.55043375,17.2,92,24.7,"60,925",85.4,73.8,19.5
2016,Alabama,75.22705102,41.17531949,11.6,82.7,22.3,"47,221",86,70.6,21.4
2016,Alaska,78.83086345,33.67250876,20.3,91.8,26.4,"75,723",89.4,80.9,19.1
2016,Arizona,79.255103,48.77939932,14.2,85.7,26.6,"57,100",86.6,76.9,14
2016,Arkansas,75.79647863,35.39179351,14.1,83.8,20.3,"45,907",88.7,67.5,24.9
2016,California,81.00818753,55.07363933,16.5,81.1,30.3,"66,637",88.9,79.5,11.7
2016,Colorado,79.75364361,41.2691974,17.6,90.2,36.7,"70,566",89,84.2,15.6
2016,Connecticut,81.04583185,44.31000395,16.9,89.1,36.2,"75,923",92.5,78.7,13.5
2016,Delaware,78.07309775,44.99908759,14.9,87,28.8,"58,046",90.3,73.4,17.4
2016,District of Columbia,77.32059342,47,27.2,87.2,52.5,"70,982",94.9,83.8,16
2016,Florida,79.07192259,38.09406865,15.6,85.9,25.8,"51,176",81.4,70.2,15.8
2016,Georgia,77.44167671,41.16924755,15.3,84.3,27.6,"53,527",82.5,70.6,17.7
2016,Hawaii,81.58940864,54.65934066,18.9,90.6,29.1,"72,133",92.6,79.2,14.1
2016,Idaho,79.20258666,29.18650794,14.1,88.6,25.2,"56,564",83.6,79.8,13.8
2016,Illinois,79.17240304,35.62769867,20.2,87.2,31,"61,386",90.5,76.1,15.1
2016,Indiana,76.94960438,35.66425811,15.7,87.3,23,"56,094",88.1,73.2,20.6
2016,Iowa,79.31460613,36.74575969,19.8,90.6,25.8,"59,094",93,77.3,18.1
2016,Kansas,78.5381726,35.42881894,15.6,90,30.1,"56,810",86.3,76.5,17.7
2016,Kentucky,75.20762615,40.54332048,15.3,83.1,21.1,"45,369",93.9,70.2,25.9
2016,Louisiana,75.5351764,39.54964784,17.3,82.5,21.1,"42,196",85.8,70.9,21.9
2016,Maine,78.75691492,32.80005448,17.6,90.9,28.4,"50,856",89.8,79.4,19.5
2016,Maryland,78.91903684,43.97028144,14.2,88.9,36.9,"73,760",90.9,76.9,15.1
2016,Massachusetts,80.03504555,38.12396694,17.7,89.2,39.1,"72,266",93.9,80,14
2016,Michigan,77.772496,38.39106901,18.5,88.8,25.6,"57,091",91.2,76.1,20.7
2016,Minnesota,80.63207965,30.51594635,19.5,92,32.4,"70,218",93.2,82,16.2
2016,Mississippi,74.62350509,37.66854813,11.9,81.1,19.8,"41,099",82.6,69.7,22.5
2016,Missouri,77.43604384,35.24657734,16.7,87.6,26.1,"55,016",88,75.1,22.3
2016,Montana,78.44918653,32.97725344,19.8,92.3,28.2,"57,075",89.2,80.1,18.9
2016,Nebraska,79.49664353,31.77272727,19.5,91,27.9,"59,374",87.1,77.6,17.1
2016,Nevada,78.31914203,40.31037706,14.2,84,22.5,"55,431",84.5,75.3,17.5
2016,New Hampshire,79.16883974,37.85970636,16.5,91.4,33.4,"76,260",92.6,80.7,15.9
2016,New Jersey,80.29139194,43.07745329,16,88.1,35.3,"68,468",88.3,70.2,13.5
2016,New Mexico,78.23521907,38.32045654,12.9,83.2,25.6,"48,451",89.6,79.7,17.5
2016,New York,80.84395379,37.21091618,16.7,85,32.9,"61,437",89.9,73.7,15.2
2016,North Carolina,77.89295489,38.5097899,13.8,84.7,26.9,"53,764",85.2,76.7,19
2016,North Dakota,79.25495422,31.41432507,24.1,90.7,26.3,"60,184",92,77.8,18.7
2016,Ohio,76.88554807,37.78975347,18.2,88.3,24.7,"53,985",92.6,74.1,21.6
2016,Oklahoma,75.78262939,37.31298281,13.1,86.3,23.8,"50,943",84.3,71.5,22.2
2016,Oregon,79.4045715,28.40391742,16.6,89.4,29.3,"59,135",90,82.8,17.1
2016,Pennsylvania,78.18569095,43.07075334,17,88.6,27,"60,979",92.4,77.1,18.1
2016,Rhode Island,79.81826328,38.62627197,16,84.8,31.1,"61,528",91.7,75.6,15.5
2016,South Carolina,76.59514676,38.85055131,15.2,84.2,24.1,"54,336",85.9,73.1,19.7
2016,South Dakota,78.65769656,33.03680801,16.9,90.6,26.3,"57,450",91.2,81.1,20.1
2016,Tennessee,75.86122414,41.16764854,10.3,84.2,23.6,"51,344",88.1,71.6,21.9
2016,Texas,78.56076843,38.67533265,15.9,81.1,26.4,"58,146",78.1,74.8,15.2
2016,Utah,79.38423059,47.04831979,11.6,90.3,29.7,"67,481",88.8,84.3,9.1
2016,Vermont,79.75240899,34.15920398,17.2,91.8,35.4,"60,837",94.4,80.5,16
2016,Virginia,79.29599809,34.28744519,16.3,87.8,35.1,"66,451",88,76.7,16.5
2016,Washington,80.06749845,27.07197943,16.1,90.1,31.9,"70,310",90.7,82.4,15
2016,West Virginia,75.1993269,33.5849736,10.6,84.2,18.5,"44,354",91.7,71.5,25.7
2016,Wisconsin,79.37556542,36.87174049,22.9,90.4,26.5,"59,817",90.6,80,17.3
2016,Wyoming,79.16855106,40.52559784,16,92,24.7,"57,829",85.5,76.9,19.1
2017,Alabama,75.4040008,39.23667741,13,82.7,22.3,"51,113",85,68,21.5
2017,Alaska,79.4117633,31.59318637,18.2,91.8,26.4,"72,231",89.3,79.4,19
2017,Arizona,79.3610945,50.94492877,15.6,85.7,26.6,"61,125",86.4,74.9,14.7
2017,Arkansas,75.6916887,39.50727995,15,83.8,20.3,"48,829",89,67.5,23.6
2017,California,81.0821994,57.47238065,16.3,81.1,30.3,"69,759",89.1,80,11
2017,Colorado,79.8769235,43.32227084,19,90.2,36.7,"74,172",88.6,80.5,15.6
2017,Connecticut,80.9273195,41.29430012,16.7,89.1,36.2,"72,780",91.3,76,13.3
2017,Delaware,78.248901,43.83409716,17,87,28.8,"62,318",88.9,69,17.7
2017,District of Columbia,77.5942359,51,25.5,87.2,52.5,"83,382",94.8,77,14.7
2017,Florida,79.0144278,38.4365669,15.5,85.9,25.8,"53,681",81.7,70.8,15.5
2017,Georgia,77.6175238,39.04721479,13.3,84.3,27.6,"57,016",81.7,69,17.9
2017,Hawaii,81.6154473,53.24776939,18.6,90.6,29.1,"73,575",93.1,76.5,13.1
2017,Idaho,78.891733,36.02748505,16.1,88.6,25.2,"60,208",83.2,75.8,14.5
2017,Illinois,79.1163383,37.94834943,19.9,87.2,31,"64,609",88.8,76,15.8
2017,Indiana,76.6890229,36.7267136,17.5,87.3,23,"58,873",88.8,70.2,21.1
2017,Iowa,79.1388206,39.36702021,21.2,90.6,25.8,"63,481",92.3,75,16.7
2017,Kansas,78.3418756,35.20872446,16,90,30.1,"57,872",86.8,72.1,17.2
2017,Kentucky,75.3223873,39.38836944,14.6,83.1,21.1,"51,348",92,65.6,24.5
2017,Louisiana,75.353844,37.37602216,16.9,82.5,21.1,"43,903",88.9,68.2,22.8
2017,Maine,78.5937201,35.4299775,18.3,90.9,28.4,"51,664",89.1,74.8,19.8
2017,Maryland,78.914818,42.02173132,15.3,88.9,36.9,"81,084",90.4,74.4,13.7
2017,Massachusetts,79.8834396,39.37571763,17.8,89.2,39.1,"73,227",94.5,75.2,13.6
2017,Michigan,77.7653254,37.81540765,19,88.8,25.6,"57,700",91.2,72.8,20.4
2017,Minnesota,80.5321259,33.61937103,21.3,92,32.4,"71,920",91.2,75.4,15.2
2017,Mississippi,74.6625642,36.4734404,12.3,81.1,19.8,"43,441",81.7,66.8,22.7
2017,Missouri,77.2633347,35.96463447,18.3,87.6,26.1,"56,885",86.3,70.8,22.1
2017,Montana,78.4618413,42.71526587,18.9,92.3,28.2,"59,087",88.7,75,18.5
2017,Nebraska,79.2629999,33.17028004,20,91,27.9,"59,619",87.5,74.6,17
2017,Nevada,78.3986586,41.28345725,15.8,84,22.5,"56,550",83.3,72,16.5
2017,New Hampshire,79.167605,37.66036977,18,91.4,33.4,"74,801",91.8,76.1,18
2017,New Jersey,80.1822554,41.31615674,16,88.1,35.3,"72,997",88.3,71,14
2017,New Mexico,78.3712825,41.21319018,15,83.2,25.6,"47,855",87.3,75.5,16.6
2017,New York,81.0314276,34.65393729,17.5,85,32.9,"62,447",89.5,72.8,14.2
2017,North Carolina,77.8451675,36.31366813,14.6,84.7,26.9,"50,343",84,74.4,17.9
2017,North Dakota,79.2981316,35.38073511,24.8,90.7,26.3,"59,886",91.1,72.4,19.8
2017,Ohio,76.4999562,36.46694922,17.9,88.3,24.7,"59,768",91.6,70.4,22.5
2017,Oklahoma,75.7606082,37.90151689,11.8,86.3,23.8,"55,006",84.1,67.6,19.6
2017,Oregon,79.3951296,37.21283057,16.3,89.4,29.3,"64,610",89.3,78.6,16.2
2017,Pennsylvania,78.0481717,42.51701818,19.4,88.6,27,"63,173",92.4,75.1,18
2017,Rhode Island,79.5259839,36.01579926,15.8,84.8,31.1,"66,390",92.1,73.7,14.4
2017,South Carolina,76.5973151,36.77195394,16.8,84.2,24.1,"54,971",84.7,71.6,20
2017,South Dakota,78.7476072,34.16170839,19.3,90.6,26.3,"56,894",88.7,75.1,18.1
2017,Tennessee,75.6647462,37.74733296,13.1,84.2,23.6,"55,240",84.6,69.4,22.1
2017,Texas,78.5093636,37.59046627,17.9,81.1,26.4,"59,295",75.5,67.9,14.3
2017,Utah,79.6036294,51.23849905,12.5,90.3,29.7,"71,319",87.7,78.9,8.8
2017,Vermont,79.6665874,34.41419142,18.4,91.8,35.4,"63,805",93.3,78.4,17
2017,Virginia,79.271674,33.54115139,15.8,87.8,35.1,"71,293",88.4,74.1,15.3
2017,Washington,79.853718,34.07934981,16.4,90.1,31.9,"75,418",90.5,80.8,13.9
2017,West Virginia,75.0440851,32.4170422,11.3,84.2,18.5,"45,392",90.2,68.4,24.8
2017,Wisconsin,79.3770976,36.86089751,24.6,90.4,26.5,"63,451",92,77.6,17.1
2017,Wyoming,79.3663211,42.9976934,18.4,92,24.7,"57,837",85,74.3,18.9
2018,Alabama,75.41692682,38.32101886,12.4,82.7,22.3,"49,936",85.8,69.3,20.9
2018,Alaska,79.54631629,29.63515313,19.6,91.8,26.4,"68,734",89.1,80.4,21
2018,Arizona,79.33912834,49.95837735,15.2,85.7,26.6,"62,283",86.5,77.9,15.6
2018,Arkansas,76.03863032,38.81057692,15.1,83.8,20.3,"49,781",86.8,69,22.3
2018,California,81.32172451,57.0378191,17.6,81.1,30.3,"70,489",88,79,11.3
2018,Colorado,80.00334988,46.8001237,18.9,90.2,36.7,"73,034",88.1,83.6,14.6
2018,Connecticut,81.1295381,41.23236677,15.4,89.1,36.2,"72,812",91.6,77.6,12.7
2018,Delaware,78.01599797,42.4803653,14.8,87,28.8,"65,012",88.2,73.2,17
2018,District of Columbia,77.49728437,44,25.9,87.2,52.5,"85,750",94.7,80.4,14.5
2018,Florida,79.21390186,36.97333907,15.1,85.9,25.8,"54,644",81.8,73.2,16.1
2018,Georgia,77.74016073,37.61183973,12.9,84.3,27.6,"55,821",81.4,73.8,17.5
2018,Hawaii,81.55615662,41.65006916,19.5,90.6,29.1,"80,108",92.8,80.1,12.8
2018,Idaho,78.99097706,32.46125052,15.1,88.6,25.2,"58,728",83.5,79.5,14.3
2018,Illinois,79.29667676,37.69590894,20.3,87.2,31,"70,145",87.5,75.4,15.5
2018,Indiana,76.98943696,36.28067439,16.6,87.3,23,"59,892",87.9,72.6,21.8
2018,Iowa,79.27973722,41.24040754,21.1,90.6,25.8,"68,718",91.7,77.1,17.1
2018,Kansas,78.31426532,35.77742022,17.2,90,30.1,"63,938",86.1,77.5,17.4
2018,Kentucky,75.58338335,38.6428071,15.8,83.1,21.1,"54,555",92.2,67.6,24.6
2018,Louisiana,75.55071682,37.15265574,18.1,82.5,21.1,"49,973",89.9,69.2,23.1
2018,Maine,78.62575404,35.29487952,17.9,90.9,28.4,"58,663",88.4,77.5,17.3
2018,Maryland,79.11530823,40.20957447,15.3,88.9,36.9,"86,223",90.2,77.1,13.8
2018,Massachusetts,80.01334449,38.86652542,18.8,89.2,39.1,"86,345",93,77.6,13.7
2018,Michigan,77.75835765,37.97558991,18.1,88.8,25.6,"60,449",91.9,76.2,19.3
2018,Minnesota,80.62395458,34.37628196,20,92,32.4,"71,817",91.6,79.5,14.5
2018,Mississippi,74.81607251,39.20905616,12.6,81.1,19.8,"42,781",82.7,68,22.2
2018,Missouri,77.12459281,37.11794042,18.8,87.6,26.1,"61,726",86.5,73.9,20.8
2018,Montana,78.7351998,36.48063859,19.5,92.3,28.2,"57,679",88.5,77.3,17.2
2018,Nebraska,79.31210085,31.14663677,20.6,91,27.9,"67,575",87.7,76.2,15.4
2018,Nevada,78.87896718,42.2480572,17.9,84,22.5,"61,864",85.6,75,17.6
2018,New Hampshire,79.23330112,34.76544767,18.7,91.4,33.4,"81,346",91.4,78.5,15.7
2018,New Jersey,80.23887388,41.44595822,16.7,88.1,35.3,"74,176",87.7,71.5,13.7
2018,New Mexico,78.39948286,43.95404814,14.7,83.2,25.6,"48,283",89.1,77.8,17.5
2018,New York,81.16391012,34.1862853,17.5,85,32.9,"67,274",88.7,76.2,14.1
2018,North Carolina,78.14069992,36.13311293,15.4,84.7,26.9,"53,369",84.4,76.1,17.2
2018,North Dakota,79.11684613,37.60850236,23.3,90.7,26.3,"66,505",90.6,77.7,18.3
2018,Ohio,76.87092984,37.19864945,18.9,88.3,24.7,"61,633",92.2,74.6,21.1
2018,Oklahoma,75.92723423,38.52511087,13.4,86.3,23.8,"54,434",84.7,72.8,20.1
2018,Oregon,79.73511679,34.55588511,16.1,89.4,29.3,"69,165",89.7,80.7,16.1
2018,Pennsylvania,78.4396947,39.93323803,18.2,88.6,27,"64,524",91.7,76,18.7
2018,Rhode Island,79.39456539,37.18888889,18.1,84.8,31.1,"62,266",91.1,74.7,14.9
2018,South Carolina,76.57996538,35.27719719,15.5,84.2,24.1,"57,444",84,73.3,18.8
2018,South Dakota,78.82422981,34.80748821,17.4,90.6,26.3,"59,463",87.7,76,19.3
2018,Tennessee,75.69055049,36.53186588,13.1,84.2,23.6,"56,060",87.2,69.1,22.6
2018,Texas,78.63274649,36.7941937,17.8,81.1,26.4,"59,785",76.8,74.4,15.7
2018,Utah,79.78932161,51.91106,11.5,90.3,29.7,"77,067",87.4,82.5,8.9
2018,Vermont,79.9027667,35.37706271,17.4,91.8,35.4,"70,066",93,81.1,15.8
2018,Virginia,79.42275632,31.62609457,16,87.8,35.1,"77,151",87.6,78,16.4
2018,Washington,80.05693842,32.45586582,15.6,90.1,31.9,"79,726",90.6,82.4,13.5
2018,West Virginia,75.2041028,30.12301426,11.5,84.2,18.5,"50,573",91.1,71.8,26
2018,Wisconsin,79.41981948,39.45326519,22.7,90.4,26.5,"62,629",90.1,78.2,16
2018,Wyoming,79.16498861,43.25608324,18,92,24.7,"62,539",84.4,78.3,18.7
2019,Alabama,75.67290741,39.47375691,12.6,82.7,22.3,49936,84.8,68.5,19.2
2019,Alaska,79.85640214,29.30899556,15.9,91.8,26.4,68734,89.6,78.3,19.1
2019,Arizona,79.47296093,46.61201608,15.6,85.7,26.6,62283,84,75.9,14
2019,Arkansas,76.15857268,38.5255829,14.7,83.8,20.3,49781,85.3,68.8,22.7
2019,California,81.53290848,49.61968211,16.1,81.1,30.3,70489,87,77.6,11.2
2019,Colorado,80.02399789,41.53201542,19.2,90.2,36.7,73034,87.1,81.3,14.5
2019,Connecticut,81.14468033,41.46212995,17.1,89.1,36.2,72812,90.8,76.5,12.2
2019,Delaware,78.29650999,44.20456621,16.4,87,28.8,65012,88.2,73.4,16.5
2019,District of Columbia,77.88194446,44,24.4,87.2,52.5,85750,92.5,81,13.8
2019,Florida,79.36150483,37.36638119,15.8,85.9,25.8,54644,81.9,73.5,14.5
2019,Georgia,78.00710813,40.50544178,14.5,84.3,27.6,55821,80.3,72.1,16.1
2019,Hawaii,81.92571381,20.85792725,19.2,90.6,29.1,80108,92.4,75.6,13.4
2019,Idaho,79.17810233,28.14238365,15.1,88.6,25.2,58728,82.6,76.2,14.7
2019,Illinois,79.6194144,36.49086708,19.5,87.2,31,70145,86.3,74.4,15.5
2019,Indiana,77.10524702,36.36018637,16.2,87.3,23,59892,88.3,69.1,21.1
2019,Iowa,79.14328565,37.90477223,22.6,90.6,25.8,68718,91.5,73.5,16.6
2019,Kansas,78.43390411,34.18196588,15.8,90,30.1,63938,86.7,72.9,17.2
2019,Kentucky,75.81169443,37.77810922,14.7,83.1,21.1,54555,90.9,67.2,23.4
2019,Louisiana,75.74023273,36.74598579,17.1,82.5,21.1,49973,87.5,68.1,20.5
2019,Maine,78.70657206,33.67740964,16.9,90.9,28.4,58663,88.1,69.9,17.8
2019,Maryland,79.29267578,38.94296847,13.6,88.9,36.9,86223,89.7,76.6,12.5
2019,Massachusetts,80.26680096,38.62324989,19.9,89.2,39.1,86345,93.4,73.6,13.4
2019,Michigan,78.01064337,36.13843783,18.2,88.8,25.6,60449,90.3,74.6,18.9
2019,Minnesota,80.56223272,31.09280841,20.3,92,32.4,71817,91.3,80.1,15.1
2019,Mississippi,74.68274013,39.16814683,12.7,81.1,19.8,42781,81.1,62.3,20.5
2019,Missouri,77.52620741,39.83853533,17.6,87.6,26.1,61726,85.7,69.4,19.4
2019,Montana,78.70103019,31.59914676,18,92.3,28.2,57679,89.4,80.3,18
2019,Nebraska,79.46678018,28.1242657,21.2,91,27.9,67575,85.2,73.1,16
2019,Nevada,79.06309314,35.95510455,15,84,22.5,61864,82.3,74.2,15.7
2019,New Hampshire,79.43965114,33.07221095,16.2,91.4,33.4,81346,90.8,78.3,15.6
2019,New Jersey,80.57106469,41.48839318,13.5,88.1,35.3,74176,NA,76.4,13.1
2019,New Mexico,78.25397565,40.97173769,14.7,83.2,25.6,48283,87.9,74.6,15.2
2019,New York,81.40615969,32.8960341,16.5,85,32.9,67274,87.9,72.8,12.8
2019,North Carolina,78.20435792,36.26179966,14.7,84.7,26.9,53369,83.7,73.7,17.4
2019,North Dakota,78.98769656,34.61255827,22,90.7,26.3,66505,92.1,72,19.1
2019,Ohio,77.01828522,36.50246161,15.8,88.3,24.7,61633,89.7,71.7,20.5
2019,Oklahoma,76.10328318,36.76167765,13,86.3,23.8,54434,83.7,66,19.7
2019,Oregon,79.64971639,31.55475157,15.9,89.4,29.3,69165,88.6,76.1,15.6
2019,Pennsylvania,78.67287823,39.8420725,17.1,88.6,27,64524,90.8,74.4,17
2019,Rhode Island,79.51630865,36.08801498,16.5,84.8,31.1,62266,90.8,73.5,14.6
2019,South Carolina,76.76873118,40.80011477,15.1,84.2,24.1,57444,84.9,71.2,18
2019,South Dakota,78.72679829,33.89486119,21.3,90.6,26.3,59463,87,70,19
2019,Tennessee,75.75856388,36.53515427,14.3,84.2,23.6,56060,84.6,69.9,20.7
2019,Texas,78.86998988,36.77882172,17.4,81.1,26.4,59785,75.8,72.8,14.4
2019,Utah,79.91884723,46.19442262,10.6,90.3,29.7,77067,87.5,81.5,9
2019,Vermont,79.86816542,34.91909925,16.5,91.8,35.4,70066,93.7,80,13.7
2019,Virginia,79.6120127,33.08584813,15.5,87.8,35.1,77151,88.6,74.7,14.9
2019,Washington,80.10475748,29.05912409,14.7,90.1,31.9,79726,89.8,80.8,12
2019,West Virginia,75.42711726,29.7026916,12.1,84.2,18.5,50573,90.1,68.8,25.2
2019,Wisconsin,79.47655701,36.08579566,23.8,90.4,26.5,62629,90,76.8,16.4
2019,Wyoming,79.0439025,41.08489348,17.4,92,24.7,62539,83.2,75.4,18.8